序号,英文标题,中文标题,中文摘要
P00942,Moderate sewage sludge biochar application on alkaline soil for corn growth: a field study,中度施用污泥生物炭对碱性土壤玉米生长的影响：大田研究,鉴于向碱性土壤施用难以实现的大量的污泥生物炭（SSB）会产生抑制效应的风险，本研究调查了适度的生物炭改良（0、1500、4500 和 9000 kg/hm2）对玉米生长、碱性土壤性质及潜在有毒元素（PTEs）吸收的影响。结果显示，施用更多的 SSB 会降低铵态氮浓度并增加有效磷和钾浓度，由于碱性土壤背景养分水平高，这抑制了玉米植物生长。当碱性土壤施用 1500 kg/hm2 SSB 时，100 粒玉米的干重从对照的 32.11 g 增加到 35.07 g。土壤中 PTEs 的总浓度没有显著变化。籽粒中 Mn、Ni、Cu 和 Zn 的浓度分别从对照的 5.54、0.83、2.26 和 27.15 mg/kg 降至 4.47、0.62、1.30 和 23.45 mg/kg。因此，食用玉米的健康风险显著降低。此外，SSB 与肥料的结合改善了玉米生长并降低了食用 PTEs 的风险。
P01229,Quantifying the influencing factors and multi-factor interactions affecting cadmium accumulation in limestone-derived agricultural soil using random forest (RF) approach,利用随机森林方法量化影响石灰岩衍生农业土壤中镉积累的因素及多因子交互作用,镉是一种剧毒重金属，广泛存在于环境中，对人类健康、动物和植物构成广泛威胁。本研究旨在利用包含随机森林（RF）的集成模型，识别和归因喀斯特地区农业土壤中来自自然和人为输入的多源、多相镉污染。利用RF机器学习方法定量评估了自然和人为因素对镉积累的贡献。结果显示，主要影响因素为pH值、有机碳和海拔。此外，还定量和可视化了pH和C_org对距离和海拔的交互效应。
P01367,Assessment of potentially toxic element pollution in soils and related health risks in 271 cities across China,中国271个城市土壤中潜在有毒元素污染评估及相关健康风险,中国关于潜在有毒元素（PTE）污染的研究已广泛开展，但多局限于局部和区域尺度，亟需国家层面的深入研究。为此，本研究系统汇编了2008年至2018年间发表的1153篇论文中约17万个土壤样本的数据。基于这些数据，利用地累积指数、潜在生态风险指数、健康风险评估模型以及单变量和双变量局部Moran’s I指数，对中国271个城市土壤中PTEs（As、Cd、Cr、Cu、Hg、Pb、Ni和Zn）的污染状况、热点区域及潜在主要源进行了综合分析。结果表明，大多数城市的土壤中PTEs存在明显的积累。此外，与其他几个国家相比，中国土壤中Cd、Hg、Pb和Ni的含量较高。PTE污染热点及因PTE暴露引发的健康风险热点主要分布在华南和西南地区。因工业活动导致土壤PTE积累的城市主要位于华东和华北。因农业活动导致PTE浓度较高的城市主要位于中部和东北地区。因采矿活动导致土壤PTE积累的城市主要集中在西部和西北地区。PTEs主要源于土壤母质的城市分布在西南地区。本研究为制定科学高效的土壤PTE污染防治策略提供了全面具体的信息和有价值的参考。
P01369,Farmland heavy metals can migrate to deep soil at a regional scale: A case study on a wastewater-irrigated area in China,农田重金属可在区域尺度上向深层土壤迁移：中国某污水灌溉区案例研究,污水灌溉区农田重金属对人类健康的风险早已被认识到。但是，来自污水灌溉的农田重金属是否能在区域尺度上向更深层的土壤迁移，仍有待证明。在这项研究中，从一个线性污水水库的三个断面（A、B 和 C）及相邻的农田表层土壤和麦粒采集了深达 30 米的 9 个土壤岩芯。测定了土壤和小麦颗粒中包括砷、镉、铬、铜、铅和锌在内的重金属，并使用目标危害商数（THQ）评估了谷物的健康风险。在深层土壤中检测到了相当高的总含量和可溶性重金属含量，特别是在断面 B，在 29 米处检测到总砷为 73.0 mg kg-1，13 米处镉为 3.80 mg kg-1，30 米处铅为 214 mg kg-1。断面 B 的粉砂粘土层和粉砂层中 As、Cr、Cu、Pb 和 Zn 的含量高于砂层。在整个研究区域，19.5%-34.1% 的表层土壤样品受到 As、Cd、Cu、Pb 和 Zn 的污染，34.1% 和 19.5% 的小麦颗粒分别受到 Cd 和 Pb 的污染。所有采样点的小麦颗粒的联合目标危害商数（TTHQ）值均 >1，其中 As 和 Cd 是最重要的贡献者。我们的研究揭示了采样区长期污水灌溉产生的典型重金属的更广泛和更深
P01412,"An improved weighted index for the assessment of heavy metal pollution in soils in Zhejiang, China",一种评估中国浙江土壤重金属污染的改进加权指数,土壤重金属评价是土壤质量和生态风险管理中的重要程序，为此开发了不同的数学模型。然而，这些模型往往未能同时考虑重金属和污染场地的特征。在本研究中，我们分析了中国浙江省土壤中七种重金属的浓度，并开发了一种改进的加权指数（IWI）模型来评估污染水平。与传统的模型不同，该模型利用统计工具（包括层次聚类分析和主成分分析）为不同的重金属分配权重。在89个点位中，61.8%的点位IWI值小于1，被认为未受污染；32.58%的点位IWI值在1到2之间，被认为是轻微污染；只有2.25%的点位IWI值大于3，属于严重污染。IWI结果与两种传统的综合指数模型结果吻合良好，但可应用于更广泛的重金属浓度范围。随后基于IWI模型提出了可能的污染源。IWI克服了传统指数的几个缺点，非常有利于土壤重金属污染的评估。总体而言，本研究为土壤污染评价和土壤生态风险管理建立了一种新模型，并全面评估了中国浙江省饮用水源周围土壤目前的污染状况。
P01455,"Concentration and distribution of selenium in soils of mainland China, and implications for human health",中国大陆土壤中硒的浓度分布及其对人体健康的影响,在中国，土壤中硒的缺乏和过量导致了严重的硒相关地方病。迫切需要全国范围的硒数据集以预防和应对硒相关疾病。中国地球化学基准（CGB）项目应用标准化方法建立了一个地球化学数据集，记录了中国大陆风化层中包括硒在内的76种元素的浓度。共从0-25 cm深度的土壤A层采集了3382个样本。采用氢化物发生原子荧光光谱法测定硒浓度。质量控制策略包括野外重复样、标准参考物质和分析重复样。测得的硒浓度范围为0.010至16.240 mg·kg−1，中位数为0.171 mg·kg−1。硒浓度在不同区域间显示出巨大差异。中国低硒土壤分布于西藏、新疆南部以及内蒙古、山西和青海的部分地区。高硒土壤发现于湖南、贵州、广西、广东和重庆的连片区域，并零星分布于新疆、甘肃、四川、云南等省份。其分布受潜在地质、地貌和土壤类型等局部因素以及人类活动的综合控制。硒是人体和其他动物健康所必需的微量元素，但过量则有害。克山病（KSD）和大骨节病（KBD）发生在低硒地质背景下，归因于硒缺乏，而在高硒土壤区则观察到地方性硒中毒。对硒成因的这种深入理解有助于改善中国未来硒相关疾病的管理。
P01508,A meta-analysis of heavy metals pollution in farmland and urban soils in China over the past 20 years,过去20年中国农田和城市土壤重金属污染的Meta分析,这项研究收集了2000年至2019年间发表的关于中国农田和城市土壤重金属现场监测实验的713篇研究论文。通过Meta分析评估了中国土壤重金属污染水平，主要关注八种重金属。结果发现，中国镉、铅、锌、铜、汞、铬、镍和砷的平均浓度分别为 0.19、30.74、85.86、25.81、0.074、67.37、27.77 和 8.89 mg/kg。与背景值（0.097 mg/kg）相比，农田土壤中的Cd含量增加了一倍（0.19 mg/kg），城市土壤中增加了三倍（0.29 mg/kg）。平均Igeo降序为 Cd (1.77) > Pb (0.62) > Zn (0.60) > Cu (0.58) > Hg (0.57) > Cr (0.54) > Ni (0.47) > As (0.28)。农田和城市土壤中分别有33.54%和44.65%的点位受到Cd污染。近二十年来，八种重金属的平均浓度在农田和城市土壤中没有明显变化。城市土壤（2.52）和农田土壤（2.15）的平均Pn值表明，城市土壤的重金属污染比农田更严重，其中工业活动占主导地位的长江中游地区污染最为严重。该Meta分析全面评估了土壤重金属
P01581,Source-specific ecological and health risks of potentially toxic elements in agricultural soils in Southern Yunnan Province and associated uncertainty analysis,云南南部农田土壤中潜在有毒元素的源特异性生态与健康风险及不确定性分析,源特异性风险分配对于预防和控制土壤潜在有毒元素（PTE）污染至关重要。本研究探讨了滇南地区土壤PTE的源特异性生态和人体健康风险。确定了地球化学基线值以评估PTE的污染水平；然后结合正定矩阵因子分解（PMF）与生态和人体健康风险评估分配了源特异性风险。观察到该地区As、Cd、Pb和Zn有明显富集，特别是21.33%的样品中的Cd表现出显著富集。利用GIS辅助的PMF量化了四个来源：自然源（41.49%）、交通排放（24.70%）、工业活动（17.48%）和农业活动（16.33%）。工业活动是生态风险的最大来源（64.55%）。农业活动被认为是非致癌（成人：75.93%，儿童：62.33%）和致癌风险（成人：55.97%，儿童：56.36%）的主要贡献者。儿童的非致癌和致癌风险高于成人，且其健康风险呈现相似趋势。因此，农业活动应被视为降低健康风险的重点，而工业活动应作为控制生态风险的重点。尽管量化了源特异性风险，但未来有必要结合PTE的生物有效性和相互作用以获得更准确的结果。
P02146,"Variability in plant trace element uptake across diferent crops, soil contamination levels and soil properties in the Xinjiang Uygur Autonomous Region of northwest China",中国西北新疆维吾尔自治区不同作物、土壤污染水平及土壤性质对植物微量元素吸收变异性的研究,本研究调查了中国西北新疆维吾尔自治区535个样点农田土壤和作物中8种微量元素（As、Cd、Cr、Hg、Pb、Cu、Zn和Ni）的污染状况。采样点的土地利用类型包括菜地、粮田和果园。实验结果表明，根据内梅罗综合污染指数（NCPI > 1），所有农田土壤均存在微量元素污染。然而，根据中国风险控制标准，91.97%的作物样品未受污染。菜地土壤的污染水平高于粮田和果园。通过作物摄入暴露途径计算了非致癌和致癌的健康风险。谷类样品的健康风险最高，其次是瓜果和蔬菜。作物的健康风险主要由Cr和Cd驱动。食用作物可能对儿童构成风险，但对成人无风险。不同农田土壤中微量元素污染源各不相同，可归因于不同的农业活动。与土壤微量元素含量和理化性质相比，植物类型对作物中微量元素积累的影响更大。
P02147,"The effects of soil freeze–thaw processes on water and salt migrations in the western Songnen Plain, China",土壤冻融过程对中国西部松嫩平原水盐运移的影响,季节性冻融（FT）过程影响寒冷和干旱地区的土壤盐渍化。本研究旨在探讨土壤FT特征及其对土壤水盐运移的影响，以阐明中国西部松嫩平原春季土壤盐渍化的潜在机制。研究了2015年10月至2016年6月期间，三种典型景观（农田、羊草草地和碱斑地）0-200 cm深度土壤水盐、冻土深度和土壤温度的时空分布。结果表明，AS地的冻结过程最强，其特点是冻深最深（165 cm）和冻结率最高（3.58 cm/d），其次是LT草地，然后是农田。冻结引起的土壤水和盐分向上再分布和富集导致土壤盐渍化层的上升和扩展，这是春季地表盐分爆发性积累的主要来源。因此，FT过程促进了表层土壤的盐渍化和碱化。
P02947,Distribution Characteristics of Heavy Metals and Pb Isotope in Profile Soils from a Mining and Smelting Area in Northwestern China,中国西北地区采矿冶炼区剖面土壤中重金属分布特征及铅同位素研究,
P03440,On the freeze–thaw cycles of shallow soil and connections with environmental factors over the Tibetan Plateau,青藏高原浅层土壤冻融循环及其与环境因子的联系,浅层土壤冻融循环的变化对地表和地下水文、地气能量和水分相互作用、碳交换以及生态系统的多样性和生产力具有重要影响。本研究利用1982年7月至2017年6月期间的0-20 cm土层原位土壤温度观测数据，研究了青藏高原（TP）浅层土壤的冻融循环。区域和层平均的冻结开始日期为11月18日，每十年推迟2.2天；冻结结束日期为3月9日，每十年提前3.2天；冻结天数为109天，每十年缩短5.2天。海拔和纬度的结合可以很好地解释年平均冻融状态的空间格局。位于$0 - \textstyle { \mathsf { \circ } } 0$等值线附近的台站经历了剧烈的冻融循环变化，这在藏南亚热带山地针叶林中可见。土壤从表层到20厘米深完全冻结平均需要15天，而完全解冻平均需要10天。近表层土壤的变化比深层土壤更为显著。地表气温强烈影响浅层土壤的冻融状态，而雪的影响有限。冻融状态定义的不同阈值会导致浅层土壤冻融状态的差异，多重连续日方法似乎更加稳健和可靠。网格化土壤温度产品可以在一定程度上解决观测到的浅层土壤冻融状态的空间格局，但需要进一步改进。
P05179,A synthesis framework using machine learning and spatial bivariate analysis to identify drivers and hotspots of heavy metal pollution of agricultural soils,利用机器学习和空间双变量分析识别农业土壤重金属污染驱动因素和热点的综合框架,源解析可能是缓解土壤污染的有效工具，但其功效往往受限于缺乏影响污染物积累地点因素的信息。针对这一限制，本研究侧重于被确定为污染控制优先事项的一系列重金属，建立了一个综合的污染控制框架，利用因子识别结合空间聚集方法，针对中国浙江省工业化地区的农业土壤进行了研究。除了通过实施受体模型阐明工业和交通活动对重金属积累的关键作用外，还使用随机森林模型识别了具体的影响因素。从土壤采样地点到最近可能工业源的距离是决定镉和铜浓度的最重要因素，而到最近道路的距离对铅和锌污染更为重要。土壤母质、pH值、有机质和粘土颗粒大小是影响砷、铬和镍积累的关键因素。土壤金属污染水平与工业聚集之间的空间自相关能够使污染控制措施更有针对性。总的来说，该方法结果为提高源解析的准确性以及区域尺度的土壤污染控制提供了基础。
P05181,Variation in the diazotrophic community in a vertical soil profile contaminated with antimony and arsenic,锑和砷污染土壤剖面中固氮菌群落的变异,采矿地区通常存在氮（N）缺乏，这通常会阻碍生物修复工作。固氮微生物可以为这些环境中的植物和微生物提供氮支持。然而，与农业土壤或其他环境相比，矿区固氮群落的研究较少。本研究比较了两个不同地点（深度达2米）在深度分辨上的固氮群落组成和相互作用的差异，包括高度污染和中度污染的地点。锑（Sb）和砷（As）复合污染诱导了松散的生物相互作用，以及固氮群落对深层土壤的选择。多项证据，包括高度污染地点固氮类群的富集、微生物-微生物相互作用、环境-微生物相互作用以及机器学习方法（随机森林回归），证明根瘤菌是污染土壤垂直剖面中的关键类群，并且对锑和砷污染组分具有抗性。所有这些观察结果表明，一种固氮菌根瘤菌可能在所研究的污染地点的氮固定中发挥重要作用。
P05196,A general methodological framework for predicting and assessing heavy metal pollution in paddy soils using machine learning models,基于机器学习模型预测和评估稻田土壤重金属污染的通用方法论框架,稻田中的重金属污染对生态和人类健康构成严重威胁。目前关于重金属污染的研究主要集中在源解析，而对其空间分布和驱动机制缺乏稳健准确的预测。本文开发了一个通用的方法论框架，通过采用随机森林（RF）、极端树回归（ETR）、极限梯度提升回归（XGBR）和梯度提升回归树（GBRT）来预测和评估中国湖南省稻田的重金属污染。结果表明，RF在预测砷（As，R² = 0.706）、铬（Cr，R² = 0.746）、铜（Cu，R² = 0.705）和汞（Hg，R² = 0.73）方面表现优异，而ETR在预测镉（Cd，R² = 0.521）、锌（Zn，R² = 0.404）和铅（Pb，R² = 0.625）方面表现良好。GBRT在预测镍（Ni，R² = 0.61）方面表现良好。Shapley可加解释表明，每种重金属的驱动因素及其对预测模型的贡献存在显著差异。气候变量是重金属含量的潜在有价值预测因子。污染负荷指数的可视化空间分布显示，79.8%的研究区域中度污染，其余20.2%处于重度污染状态。土壤污染状况从西向东恶化。这些发现为有效的土壤污染控制和土壤保护工作提供了有价值的信息。
P08441,Evaluation of the quality of cultivated-layer soil based on different degrees of erosion in sloping farmland with purple soil in China,基于侵蚀程度的中国紫色土坡耕地耕层土壤质量评价,耕层土壤质量（CLSQ）的评价对于提高作物生长能力至关重要，也是采取有效补救措施的前提。耕层土壤质量指数（CLSQI）是评价CLSQ的重要工具。本研究旨在选择最有效的指标，为中国紫色土丘陵侵蚀区构建土壤最小数据集（MDS），并分析CLSQ与侵蚀环境之间的关联。本研究以中国紫色土坡耕地侵蚀为焦点，比较了评分方法、指标和数据集方法的不同组合。在本研究中，MDS由主成分分析（PCA）结合标准值构建，并通过Nash有效系数验证MDS的准确性。此外，采用非线性评分（NLS）方法对指标数据进行归一化处理，然后利用CLSQI评估不同侵蚀程度土壤的CLSQ。结果表明如下。1) 不同侵蚀程度下土壤指标差异显著：土壤生产力随侵蚀加剧呈下降趋势，而土壤抗侵蚀能力和耕作性能随侵蚀加剧呈上升趋势。2) 对于研究区域，生成的MDS包括饱和导水率、容重、抗剪强度、贯入阻力和有效磷。3) CLSQI-NLS评价方法最适合本研究主题，结合MDS指标，能准确评价CLSQ。4) 随着侵蚀程度的加剧，CLSQI呈明显下降趋势，20cm土壤侵蚀下的CLSQI（S-20，0.393）明显低于其他侵蚀程度，表明土壤侵蚀逐渐降低了C
P08443,Quantifying the impact of tillage measures on the cultivated-layer soil quality in the red soil hilly region: Establishing the thresholds of the minimum data set,量化红壤丘陵区耕作措施对耕层土壤质量的影响：建立最小数据集的阈值,耕作措施以多种方式潜在地影响土壤质量，采用适当的耕作措施对于构建合理耕层（RCL）至关重要，这可以最大限度地提高红壤坡耕地耕层水、气、热条件的储存和协调性。本研究旨在：1）筛选关键指标建立最小数据集（MDS）；2）评价耕层土壤质量并确定RCL构建的指标阈值；3）开发针对不同耕作措施的可信耕层土壤质量指数（CLSQI），并筛选适合红壤坡耕地提高土壤生产力的耕作措施。以中国红壤坡耕地为研究重点，通过主成分分析（PCA）结合规范值建立MDS。此外，利用隶属度函数模型（S型、反S型、抛物线型）对指标数据进行归一化处理，然后基于CLSQI方法评价CLSQ，根据CLSQ等级和隶属度函数模型确定指标阈值，并分析不同耕作措施的耕层改良效果。结果表明，本研究建立了红壤坡耕地土壤质量评价的MDS和六个指标的阈值，即耕层厚度（CLT ≥ 20.39 cm）、饱和导水率（SHC ≥ 6.24 mm/min）、剪切强度（SS ≥ 3.16 kg/cm2）、粘粒含量10.0–28.1%、有机质（OM ≥ 15.23 g/kg）和有效磷（AP ≥ 58.48 mg/kg）。耕作方式显著影响这些指标和CLSQ，深松的
P08466,"Soil phosphorus variation regulated by changes in land use spatial patterns during urbanization in western Chengdu, China",中国成都西部城市化过程中土地利用空间格局变化调节下的土壤磷素变异,城市化过程中土地利用类型和配置的改变对土壤磷（P）的变化产生重大影响。本文分析了中国成都西部不同城市化强度（UI）下75个植被土壤样品中的土壤全磷及磷形态浓度。根据5个景观指标，调查了每个土壤采样点周围300米缓冲区内的土地利用空间格局特征。通过逐步多元回归分析了土壤磷变化与土地利用空间格局的关系。结果显示，随着UI的增加，土地利用呈现出高度破碎化、复杂化和异质性的特征；除残留态磷外，土壤全磷和各形态磷的浓度均呈累积趋势。在中高UI景观中，建设用地和交通绿地占主导地位，与土壤磷呈正相关。相比之下，耕地、林地和工业绿地更多分布在低UI景观中，与土壤磷呈负相关。此外，公园绿地、居住绿地和公共绿地占研究区域的比例较小，在不同UI景观中与土壤磷的关联性各异。影响低UI景观土壤磷变化的主要因素是林地比例、斑块形状和景观离散度。中UI景观土壤磷的变化受建设用地和居住绿地比例、景观离散度和多样性的控制。此外，高UI景观中的土壤磷变化仅受建设用地和公共绿地比例的调节。结果表明，针对不同UI景观制定多样化的景观规划方案，对于维持或改善土壤磷平衡、获得功能性土壤生态系统以及确保城市化地区的低环境风险至关重
P08467,Status and associated human health risk of zinc accumulation in agricultural soils across China,中国农田土壤中锌的累积状况及相关人体健康风险,锌（Zn）不仅是生物体必需的元素，也可能成为环境污染物。然而，迄今为止，还没有关于中国农业土壤中Zn在国家尺度上累积的研究。本研究通过全面的文献检索，获得了中国277个潜在污染点（PP组）和1186个正常农业点的土壤Zn浓度。与世界其他国家和地区的报告土壤Zn含量相比，中国土壤中的平均Zn浓度（86.14 mg·kg−1）相对较高。中国农业土壤中Zn的总储量计算为3.08×10^10吨。PP组的Zn污染很严重（如云南省为7076 mg·kg−1），主要源于采矿、冶炼和污水灌溉等人类活动。土壤中Zn的累积受中国不同地区不同因素的影响，并随土地利用模式而变化，不同农业类型土壤中的Zn浓度依次为：果园 > 稻田 > 菜地 > 麦地。PP组地区土壤中的Zn污染及相关风险比正常农业土壤更为严重。不同人群组的危害指数（HI）值（针对PP组）变化如下：儿童（2.40）> 成年女性（1.39）> 成年男性（1.23）。获得的最高HI值为26.77，属于儿童。总体而言，这项研究对农田土壤中Zn的累积进行了综合评估，结果为中国土壤Zn污染的管理和风险预防提供了有价值的信息。
P08487,Digital mapping of soil salinization based on Sentinel-1 and Sentinel-2 data combined with machine learning algorithms,基于Sentinel-1和Sentinel-2数据结合机器学习算法的土壤盐渍化数字制图,土壤盐渍化是土地退化和荒漠化最重要的原因之一，特别是在干旱和半干旱地区。土壤盐渍化的动态监测对土地管理、农业活动、水质和可持续发展具有重要意义。合成孔径雷达（SAR）Sentinel-1和多光谱卫星Sentinel-2拍摄的遥感图像具有高分辨率和短重访周期，具有监测大范围土壤属性信息空间分布的潜力；然而，关于Sentinel-1和Sentinel-2结合用于土壤盐渍化数字制图的研究有限。因此，本研究利用从数字高程模型（DEM）衍生的地形指数、由Sentinel-1生成的SAR指数以及由Sentinel-2生成的植被指数，绘制中国新疆塔里木盆地中北部Ogan-Kuqa河绿洲的土壤盐渍化图，并评估多源传感器预测土壤盐分的潜力。我们以70个地面采样点的土壤电导率（EC）值为目标变量，以最优环境因子为预测变量，基于分类和回归树（CART）、随机森林（RF）和极限梯度提升（XGBoost）构建了三个土壤盐分反演模型。然后，我们通过五折交叉验证评估了不同模型的预测能力。XGBoost模型的预测精度优于CART和RF，且三个模型预测的土壤盐分具有相似的空间分布特征。与地形指数和植被指数的组合相比，加
P08533,"Pollution characteristics and source identification of soil metal(loid)s at an abandoned arsenic-containing mine, China",中国某废弃含砷矿土壤中金属（类金属）的污染特征及源识别,采矿活动可能导致土壤受到重金属（类金属）的严重污染。本研究探讨了废弃砷矿场地土壤中金属（类金属）的来源、空间分布以及对公众健康的风险。采矿区内土壤中砷、镉、汞、锰、铅、锑、锶和铊的平均浓度高于平均背景值。采矿活动产生的主要污染物为砷、汞和锑。通过结合统计方法、正定矩阵因子模型和历史信息分析的方法，识别出了五种污染源。砷、汞、锑和铊与采矿资源及相关活动有关（37.29%）；锰（15.57%）和锶（15.96%）主要分别来自地壳起源和土壤发生；铅、锑和铊主要来自工业源（17.57%）；镉主要来自磷肥的生产和施用（13.60%）。使用增量空间自相关分析表明，砷、汞和锑主要包含在其源头500米范围内。对于当地居民，土壤中的砷存在非致癌危害和致癌风险，镉存在潜在致癌风险。
P08595,Diversified effects of co-planting landscape plants on heavy metals pollution remediation in urban soil amended with sewage sludge,污泥改良城市土壤中混种景观植物对重金属污染修复的多样化效应,将污泥(SS)作为土壤改良剂回收利用可能造成土壤重金属(HMs)污染。本研究探讨了景观植物混种在污泥改良土壤修复中的潜在作用。选择了三种景观树芒果、重阳木和南洋楹(NC)，以及三种地被植物山菅兰、合果芋和鹅掌柴(SO)进行树-地被混种。不同混种处理中的物种在生长、根系形态、HMs吸收和HMs积累方面表现出多样化效应。包括总根长、直径<2mm的根系总面积、比根长、地上部生物量和根部生物量在内的五个植物特征在植物HMs吸收中起关键作用。结构方程模型分析揭示，不同的混种处理驱动物种发展出主动、被动或回避策略来积累HMs，导致HMs去除效率的差异。NC与SO混种促进了NC和SO的HMs积累，并导致HMs含量下降最大(Cd下降48.0%，Cu下降24.9%，Zn下降33.8%，Ni下降27.2%)，潜在生态风险最低。具有主动策略的景观树与地被植物混种可作为污泥改良土壤HMs植物修复的潜在候选方案。
P08602,Interpretations of Hg anomalous sources in drainage sediments and soils in China,中国水系沉积物和土壤中汞异常源的解析,中国地球化学基准项目提供了2008年至2012年间中国流域沉积物和土壤的汞数据。论文在中国境内圈定了57个超过《土壤环境质量标准》（GB 15618-1995）风险限值的汞异常区域。表层和深层样品中汞风险异常的来源被分别解释为地质/矿化和人类活动所致。近72%的异常（共计57个异常区域中的41个）归因于天然地质矿化带以及汞、砷、锑、金、银、铅、锌、煤炭等矿产的开采。采矿活动在天然矿化带上叠加了汞含量。汞、有色金属和金的大规模开采影响在地球化学图上显著反映。在人口稠密和工业密度高的中国东部，城市化排放、农业、燃煤和冶炼工业等人为源导致了更严重的汞污染。农业是东部中国和拥有2500年以上农业基础的成都平原的重要汞排放源。论文指出，开展后续详细的来源调查并监测土壤中汞的时间变化至关重要。
P08625,Effects of long-term integrated agri-aquaculture on the soil fungal community structure and function in vegetable fields,长期农渔综合养殖对菜地土壤真菌群落结构和功能的影响,
P08911,Estimating soil water and salt contents from field measurements with time domain reflectometry using machine learning algorithms,利用机器学习算法基于时域反射技术的实地测量估算土壤水盐含量,土壤水和盐含量是关键的土壤物理参数，在与土壤相关的水文、生态、环境和农业过程中起着至关重要的作用。时域反射（TDR）通常用于测量原位土壤水和盐含量，并为快速获取土壤容重（BD）提供可能的解决方案。然而，测量精度受到土壤水和盐含量对测量的土壤介电常数和电导率的相互作用的极大影响，特别是对于盐渍化土壤。为了基于TDR测量准确估算土壤重量含水量（GWC）和体积含水量（VWC）、土壤盐含量（TS）和BD，我们设计了不同的模型输入方案来量化不同土壤因素的影响，并应用了八种机器学习算法来映射模型输入与每个目标土壤属性之间的非线性关系。在中国西北河套灌区的案例研究结果表明，土壤颗粒粒径级配是预测上述所有土壤属性的重要输入。此外，BD主要有助于预测土壤GWC，而土壤表面温度（T）对提高GWC和TS的估算有效。在使用的八种机器学习算法中，极限梯度提升（XGB）和梯度提升回归树（GBRT）表现出良好的鲁棒性和强大的学习能力。建议应用XGB来精确估算GWC和BD，其决定系数（R2）分别为0.80和0.69。另一方面，GBRT精确估算VWC和TS的R2分别为0.71和0.84。空间分布特征的评估表明，基于推荐
P09306,Disentangling natural and anthropogenic influences on the spatial variability of soil cadmium contamination,辨析自然和人为因素对土壤镉污染空间变异性的影响,土壤镉污染对耕地利用构成严重的环境风险，其驱动因素包括自然过程和人为活动。传统的单因素分析往往难以捕捉其空间异质性及影响因素之间的相互作用。为此，我们提出了一种结合地理探测器（GD）、随机森林（RF）和结构方程模型（SEM）的综合框架，以系统识别镉污染的关键驱动因素并量化其直接和间接影响。这种混合方法通过将数据驱动分析与因果推理相结合，推进了空间建模。结果显示镉浓度存在显著的空间变异性，变异系数达103.70%，强调了污染景观的非均匀性。地累积指数和超标率两个污染指数一致表明污染程度从西北向东南递增，且热点区域位于矿区附近。GD和RF模型结果表明，主要贡献因素包括到矿区的距离、土壤有机碳（SOC）、pH值、地形海拔（DEM）和周边居住区。交互作用分析显示，矿区临近度与土壤pH值的结合加剧了镉的积累，这一模式进一步得到了SEM的证实。SEM还表明，到矿区的距离是镉污染最显著的直接驱动因素，而DEM通过影响矿区相关的空间格局间接影响镉水平。这一综合框架为理解土壤镉污染的空间动态提供了全面的方法，并为自然和人为驱动因素之间的相互作用提供了新的见解。
P09508,"Sources, flux, and potential risks of heavy metals in soils around the smelting and mining area",冶炼和矿区周边土壤中重金属的来源、通量及潜在风险,本研究结合野外采样和通量监测，评估了密集的冶炼和采矿活动对中国水口山土壤重金属(HM)迁移的影响。采矿和冶炼导致了重金属含量及其环境有效性的增加。在距冶炼和采矿中心8.0公里范围内，距离越近，重金属积累越明显。冶炼和采矿还导致了土壤酸化。成土母质、农业活动、采矿相关活动和冶炼活动是土壤中重金属的主要来源。采矿和冶炼是表层土壤中Cd (86.7%)、As (46.5%)、Cu (56.4%)、Pb (88.8%)和Zn (60.8%)的主要来源。成土母质和历史采矿贡献了深层土壤中约70%的重金属。含砷肥料的农业使用也是土壤砷的重要来源。受冶炼和采矿影响的大气沉降已成为重金属输入土壤的主要途径。由于长期暴露于土壤重金属，30.8%的当地成年人可能面临不可接受水平(10^-4)的致癌风险。Cd和As是两个主要的风险因子。结果表明，在现行监管政策下，冶炼和采矿活动会持续增加土壤中重金属的积累和环境有效性。有必要进一步量化这些负面影响，并制定有效的对策以降低土壤重金属含量。
P09695,The effect of organic and conventional management practices on soil macropore structure in greenhouse vegetable production,有机和常规管理措施对温室蔬菜生产土壤大孔隙结构的影响,"温室蔬菜生产发展迅速，种植方式强烈影响土壤质量。然而，关于有机与常规温室蔬菜栽培之间土壤大孔隙结构差异的定量证据仍然缺乏。本研究在中国南京以南的采样点采集了有机和常规温室蔬菜的耕作层和犁底层配对土壤样品。利用工业计算机断层扫描（CT）技术测量土壤大孔隙特征，我们检验了不同种植方式对土壤大孔隙结构的影响，以及影响土壤大孔隙特征的主要因素。与常规温室蔬菜（CGV）生产相比，有机温室蔬菜（OGV）生产具有更多且质量更好的土壤大孔隙。OGV土壤耕作层的总大孔隙度平均为16.9%，是CGV土壤的两倍多。OGV土壤的孔径分布得到改善，传输孔隙（50–500 μm）的相对丰度增加，而大孔隙（>1,000 μm）的相对丰度降低。孔隙大小和形状数据表明，在耕作层，OGV土壤的土壤裂缝比CGV土壤少，但生物孔隙更多；在犁底层，根系生物孔隙也更多。此外，OGV土壤耕作层和犁底层的大孔隙形态均得到改善。特别是，OGV土壤耕作层的大孔隙连通性几乎是CGV土壤的10倍。土壤有机质（SOM）含量是影响大多数大孔隙特征（总大孔隙度、连通性、100–1,000 μm孔隙的相对孔隙度、所有小孔隙和伸长的中孔隙）的主导因素"
P09697,"Mixed plantations of Metasequoia glyptostroboides and Bischofia polycarpa change soil fungal and archaeal communities and enhance soil phosphorus availability in Shanghai, China",水杉与重阳木混交林改变了上海土壤真菌和古菌群落并提高了土壤有效磷含量,研究发现上海的城市森林存在土壤退化问题，特别是在纯林中。混交林因能促进有机质循环并增加土壤碳和养分含量，被认为可以提高土壤质量。尽管土壤微生物在调节土壤生物地球化学过程中起着至关重要的作用，但目前关于混交林如何影响土壤微生物（包括细菌、古菌和真菌）群落的知识仍然很少。本研究评估了位于中国上海的水杉和重阳木纯林及混交林中的土壤化学性质、土壤细菌、古菌和真菌群落的丰度和组成以及酶活性。结果显示，水杉和重阳木混交林中的土壤有效磷含量显著高于纯林，而在三种研究林分中，土壤有机碳、全氮和有效氮、全钾和有效钾含量没有观察到显著差异。与两种纯林相比，混交林中的真菌丰度更高。此外，真菌丰度与土壤有效磷含量呈正相关。在三种研究林分中，细菌和古菌群落的丰度和多样性未发现显著差异。相似性分析（ANOSIM）表明，混交林显著改变了古菌和真菌的群落组成，并伴随着碱性磷酸酶活性的增加。然而，细菌群落的ANOSIM分析显示不同林分之间没有显著的组间分离。总的来说，本研究结果表明，真菌和古菌群落比细菌群落对地上树种更敏感。此外，混交林显著增加了碱性磷酸酶的活性和土壤有效磷含量，表明用水杉和重阳木造林是缓解上海城市森林
P09779,2024 National Soil Environment Status Report,2024年全国土壤环境状况报告,
P09880,Spatial patterns and environmental functions of dissolved organic matter in grassland soils of China,中国草地土壤溶解性有机质的空间格局与环境功能,
P09905,Soil microbial DNA concentration is a powerful indicator for estimating soil microbial biomass C and N across arid and semi-arid regions in northern China,土壤微生物DNA浓度是估算中国北部干旱和半干旱地区土壤微生物生物量碳氮的有力指标,
P11205,"Effects of water quality, irrigation amount and nitrogen applied on soil salinity and cotton production under mulched drip irrigation in arid Northwest China",干旱西北地区膜下滴灌水质、灌水量和施氮量对土壤盐分及棉花产量的影响,
P11206,"Microplastics pollution in the soil mulched by dust-proof nets: A case study in Beijing, China",防尘网覆盖土壤中的微塑料污染：中国北京案例研究,"作为全球变化的驱动因素，微塑料逐渐引起了广泛关注。虽然MPs在水生系统中被广泛研究，但它们在陆地系统和土壤中的存在和命运尚不完全清楚。在中国，建筑用地必须覆盖防尘网以防治细颗粒物污染，这可能导致微塑料污染并增加生态风险。为了解覆盖防尘网的土壤中微塑料的污染特征和来源，我们在北京进行了一项案例研究。结果显示，防尘网覆盖土壤中微塑料的丰度在272到13,752 items/kg之间。大颗粒（>1000 mm）占研究区微塑料的很大比例（49.83%）。主要的微塑料聚合物类型是聚乙烯（50.12%）和聚丙烯（41.25%）。覆盖防尘网的建筑工地土壤中微塑料的累积量（平均4,910.2 items/kg）显著高于未覆盖土壤（平均840.8 items/kg），这表明防尘网是建筑用地土壤中微塑料的重要来源。我们应用了一种基于高分辨率遥感卫星图像并结合深度学习卷积神经网络的遥感数据分析技术，自动检测和分割防尘网。基于高分辨率遥感图像并使用U-net卷积神经网络，我们提取了北京防尘网的覆盖面积（18.6平方公里）。结合微塑料的丰度和防尘网的覆盖面积，我们粗略估计北京防尘网覆盖的土壤中累积了7.616×"
P11227,Health risk assessment of heavy metal(loid)s in park soils of the largest megacity in China by using Monte Carlo simulation coupled with Positive matrix factorization model,利用蒙特卡洛模拟结合正定矩阵因子模型评估中国最大超大城市公园土壤中重金属的健康风险,城市公园是居民进行户外活动的重要场所，公园土壤中的重金属对人体健康是否有害已引起人们的关注。本研究从中国上海78个城市公园采集了204份包含9种重金属的表层土壤样品，用于评估土壤中重金属引起的健康风险。结果显示，Hg、Cd和Pb是主要的富集污染物，比其他重金属构成更高的生态风险。通过结合正定矩阵因子模型（PMF）和相关性分析，识别出四种重金属来源（包括自然源、农业活动、工业生产和交通排放），贡献率分别为48.24%、7.03%、13.04%和31.69%。概率健康风险评估表明，所有人群的非致癌风险可以忽略不计。然而，总致癌风险不可忽略，儿童比成人更易感。源导向的健康风险评估结果显示，工业生产和交通排放是所有人群健康风险最重要的人为来源。我们的结果为城市公园重金属污染的预防和控制提供了科学支持。
P11279,Modeling analysis of the characteristics of selenium-rich soil in heavy metal high background area and its impact on main crops,重金属高背景区富硒土壤特征及其对主要作物影响的建模分析,为了提高农产品的质量，本研究探讨了重金属高背景区富硒土壤的特征及其对主要作物的影响。分析了硒元素的生物有效性和存在形态，并得出了土壤硒含量的分类标准。以安徽省石台县为研究区域，采集了该区域的土壤样品，并将采集结果制成了野外采样报告。利用统计学方法分析采样结果，获得了研究区域土壤中硒含量的测量结果。最后，建立了LSMM模型，以实现对重金属高背景区富硒土壤特征的有效分析。研究结果表明，在不同的重金属污染条件下，玉米、水稻和大豆作物的生长情况不同。总的来说，重金属会限制作物的健康生长；硒吸收活性的效应会直接或间接影响作物的生长发育；作物的硒富集率呈现出玉米>水稻>大豆的特征。
P11282,Evolution of redox activity of biochar during interaction with soil minerals: Effect on the electron donating and mediating capacities for Cr(VI) reduction,生物炭与土壤矿物相互作用过程中的氧化还原活性演化：对Cr(VI)还原的电子给予和介导能力的影响,土壤中的生物炭易随土壤矿物发生自然老化，这可能改变其电化学性质并与污染物发生氧化还原反应。本研究选择了可溶性矿物盐（FeCl3、MnCl2、AlCl3、CaCl2）和粘土矿物（高岭石）来研究与土壤矿物共老化对花生壳生物炭Cr(VI)还原氧化还原活性的影响。3个月的自然老化导致生物炭氧化，还原基团（即‒C‒OH）从26.8–43.7%减少到18.4–24.1%。由于矿物离子与生物炭之间的相互作用，除Mn(II)外，与其他矿物共老化进一步将‒C‒OH的比例降低至6.94–22.2%，导致矿物-生物炭复合体和新矿物（如β-FeOOH）的形成。由于其还原性，Mn(II)表现出最小的减少甚至略微增加的‒C‒OH，而其自身被氧化为Mn(III)和Mn(IV)。‒C‒OH的减少导致原始生物炭的Cr(VI)还原速率常数从2.18–2.47 × 10^-2 h^-1降低到老化生物炭的0.71–1.95 × 10^-2 h^-1，其中与Fe(III)共老化表现出所有矿物中最低的还原速率常数。生物炭的电子介导能力在单独老化或与Al、Ca和高岭石共老化后也有所下降，而与Fe(III)和Mn(II)共老化通过F
P11286,Use of machine-learning and receptor models for prediction and source apportionment of heavy metals in coastal reclaimed soils,利用机器学习和受体模型预测沿海围垦土壤重金属并进行源解析,土壤重金属（HMs）源和空间分布的定量估算对于制定土壤保护和修复策略至关重要。作为特殊的土壤生态系统，沿海围垦地区的人类活动加剧通常会导致土壤重金属污染。本研究旨在对沿海围垦土壤中重金属的来源进行解析并预测其空间分布。从中国东部经过集约化农业利用的围垦区采集了241个表层（0-20厘米）土壤和沉积物样品。测量了土壤和沉积物中As、Cr、Cu、Ni、Pb、Zn、Cd和Hg的浓度，以及有机碳、氮、磷、pH、Cl、粘土、粉砂、砂、CaO、Fe2O3、Al2O3和SiO2。利用随机森林（RF）和正定矩阵因子分解（PMF）模型识别并解析了重金属的潜在来源。根据模型，自然源和部分人为源、农业活动以及太阳能发电和车辆尾气排放对重金属总量的贡献率分别为42.9%、28.9%和28.2%。具体而言，65.0%的As、36.6%的Cr、49.1%的Cu、46.4%的Ni、39.5%的Pb和44.0%的Zn源自自然和部分人为来源。农业活动对围垦土壤中Cd和Hg的贡献率分别为54.9%和46.4%。太阳能发电和车辆尾气排放对Cr和Pb有显著影响，贡献率分别为39.0%和28.0%。此外，基于土壤变量测量，RF
P01225,Distribution patterns and sources of heavy metals in soils from an industry undeveloped city in Southern China,中国南方工业不发达城市土壤中重金属的分布格局及来源,城市土壤中重金属的累积来源于天然母质和复杂的人为排放源。本文调查了中国南方工业不发达城市（海口）城市土壤中的金属污染，这是定量评估不同来源金属贡献的理想场所。海口城市土壤中大多数重金属的浓度远低于其指导值和中国其他大城市的土壤。相比之下，本研究中金属的化学形态与其他城市相似。重金属的空间分布和主成分分析（PCA）揭示，玄武岩母质、交通排放和燃煤是控制土壤中金属分布的主要因素。海口土壤的铅同位素特征与北京和上海的土壤有很大不同，但与广州的土壤相似，这表明南方城市中 Pb 的来源具有共性。铅同位素三元混合模型的结果表明，天然背景、燃煤和交通排放源对 Pb 的贡献分别为 5.3–82.4%（平均：39.7 ± 21.1%）、0–85.7%（平均：25.5 ± 24.6%）和 1.9–64%（平均：34.8 ± 22.9%）。这表明交通排放仍然是海口 Pb 最重要的人为来源。
P01560,Decrease in bioavailability of soil heavy metals caused by the presence of microplastics varies across aggregate levels,微塑料引起的土壤重金属生物有效性降低在不同团聚体水平上的差异,微塑料会改变土壤的物理化学和生物地球化学过程，但这些改变是否进一步影响土壤重金属形态的转化，以及这些影响是否随土壤团聚体水平而变化，目前尚不清楚。本文结合长期土壤培养实验和土壤分级，研究了微塑料对不同粒径土壤团聚体中Cu、Cr和Ni化学形态的影响。结果表明，土壤中的微塑料通过直接吸附和间接改变土壤微环境条件，降低了金属的可交换态、碳酸盐结合态和铁锰氧化物结合态，但增加了其有机结合态。研究结果表明，微塑料可以促进重金属形态从生物有效态向有机结合态转化。这种促进作用在不同土壤团聚体水平上存在显著差异。在添加微塑料的早期培养阶段，大团聚体中土壤重金属形态的转化比小团聚体中大，但在后期培养阶段呈现相反的趋势。因此，小团聚体对长期微塑料污染的这一过程比大团聚体更敏感，这很可能是由于微塑料对小团聚体中金属形态转化的影响存在滞后性。
P02130,Potato (Solanum tuberosum L.) can be grown safety on human consumption in slight Hgcontaminated soils across China mainland,中国大陆轻微汞污染土壤上种植的土豆可供安全食用,
P02131,Spatio-temporal dynamics of arbuscular mycorrhizal fungi and soil organic carbon in coastal saline soil of China,中国沿海盐碱土壤中丛枝菌根真菌与土壤有机碳的时空动态,
P02134,Effects of rice straw and rice straw ash on rice growth and alpha-diversity of bacterial community in rare earth mining soils,秸秆及其生物质灰对稀土矿区水稻生长和土壤细菌群落α多样性的影响,
P02135,Experimental study on the movement of heavy metal Zn in paddy soil under diferent irrigation quota of reclaimed water,不同再生水灌溉定额下水稻土重金属锌运移的实验研究,
P02136,"Pollution characteristics and ecological risk assessment of heavy metals in paddy fields of Fujian province, China",福建省稻田重金属污染特征及生态风险评估,
P02142,Vegetation degradation impacts soil nutrients and enzyme activities in wet meadow on the Qinghai-Tibet Plateau,青藏高原高寒草甸植被退化对土壤养分和酶活性的影响,由于气候变化和人类活动导致的植被退化改变了生物量、植被物种组成和土壤养分输入来源，从而影响土壤养分循环和酶活性。然而，很少有研究关注高海拔湿草甸土壤养分和酶对植被退化的响应。本研究在青藏高原东部边缘的高寒草甸，考察了植被退化对土壤养分（土壤有机碳SOC、全氮TN、全磷TP）和酶活性（即脲酶、过氧化氢酶、淀粉酶）的影响。根据植被密度和组成定义了四种不同的退化程度：原生湿草甸（CK）、轻度退化（LD）、中度退化（MD）和重度退化（HD）。在0-10、10-20、20-40、40-60、60-80和80-100厘米的深度间隔采集土样，以测定土壤养分水平和酶活性。结果显示，SOC、TN、过氧化氢酶和淀粉酶随退化程度的增加而显著降低，而TP和脲酶随退化程度的增加而增加（P < 0.05）。土壤养分和酶活性随土壤深度的增加而显著降低（P < 0.05），且土壤养分和酶活性表现出明显的“表层聚集”。土壤脲酶和过氧化氢酶活性在春季最强，冬季最弱。春、夏、秋季的TN含量显著高于冬季（P < 0.05）。土壤TP含量在冬季增加。夏季土壤淀粉酶活性显著高于春、秋、冬季（P < 0.05）。TP是尔海湿草甸植
P03671,Real-time detection method for heavy metal pollution in soil of mining area,矿区土壤重金属污染实时检测方法,
P04330,"A Bibliometric Analysis on Land Degradation: Current Status, Development, and Future Directions",土地退化的文献计量分析：现状、发展与未来方向,土地退化是目前备受关注的全球性问题。为了客观揭示土地退化的研究现状，本文使用了bibliometrix和biblioshiny软件包，对Web of Science核心合集数据库中1990-2019年期间（数据更新时间为2019年4月8日）土地退化领域的研究论文进行了数据挖掘和定量分析。结果表明：(1) 在过去20年中，土地退化相关论文数量有所增加。根据文章数量，将其分为四个阶段：低产探索期、发展萌芽期、推广扩张期和高产活跃期。(2) 土地退化研究覆盖了93个国家或地区。从研究数量来看，排名前五位的国家是中国、美国、英国、德国和澳大利亚。中国、美国和英国是土地退化领域国际合作最重要的国家。然而，各国之间的合作总体上并不紧密。(3) 近年来，土地退化、退化、荒漠化、遥感、土壤侵蚀和土壤退化是该领域的高频关键词。(4) 土地退化领域的研究热点主要集中在土地退化的恢复与重建、土地资源的可持续管理等研究方向。(5) 土地退化领域各时期的主题多样化，演变关系复杂。关于土地退化的动态监测、土地退化的环境治理以及土地退化对土地利用变化的响应，共有15条演变路径。最后，文章总结指出，未来土地退化研究方
P04474,Estimation of Soil Arsenic Content with Hyperspectral Remote Sensing,高光谱遥感估算土壤砷含量,
P04853,Hierarchical-clustering-based Cokriging to advance the spatial prediction accuracy of soil heavy metals distributions,基于层次聚类的协同克里金法提高土壤重金属空间分布预测精度,
P07719,Health risk assessment of heavy metal pollution in a soil‑rice system: a case study in the Jin‑Qu Basin of China,土壤-水稻系统重金属污染的健康风险评价：以中国金衢盆地为例,本研究对金华-衢州盆地的109对土壤和水稻样品进行了区域实地调查，以评估重金属对人体健康造成的风险。研究土壤呈酸性（平均pH值为5.5），富含碳（土壤有机质平均为33.6 g kg-1），主要受镉污染（42.2%的样品超过了0.3 mg kg-1的标准值（GB15618-2018））。镉、铅和锌的空间分布表现出相似的地理趋势。34%和30%的水稻样品中的镉和铅含量超过了0.2 mg kg-1的限值（GB2762-2017）。膳食摄入的风险估计显示，镉的目标危险系数为0.918，大米摄入的危害指数为2.141。总体而言，镉和铅是造成当地居民潜在非致癌健康风险的主要成分。
P07726,Characterization of microplastics and the association of heavy metals with microplastics in suburban soil of central China,中国中部城郊土壤中微塑料的表征及其与重金属的关联,微塑料广泛存在于水生和陆地环境中，由于强疏水性和较高的比表面积，其表面可以吸收其他污染物。本研究调查了中国中部三种不同土地类型中MPs的发生分布及其与重金属的相互作用。结果表明，MPs的丰度范围为2.2 x 10^4至6.9 x 10^5 particles/kg，81.7%的测量颗粒粒径在10至100 μm之间。较小尺寸的颗粒在研究区的MPs中占比较大。在林地中，MPs的丰度（4.1 x 10^5 particles/kg）显著高于菜地（1.6 x 10^5 particles/kg）和空闲地（1.2 x 10^5 particles/kg）。MPs颗粒最普遍的形式是碎片（53%），其次是纤维（15.2%）。聚乙烯、聚丙烯、聚苯乙烯、聚酰胺和聚氯乙烯在每个采样点都很常见，其中聚乙烯是主要形式（36.1%）。据推断，工业生产活动、垃圾和污水污泥可能是MPs污染的主要来源。此外，土壤环境中的MPs颗粒含有不同水平的重金属，包括Cd、Cr、Pb、Ag、Cu、Sb、Hg、Fe和Mn。MPs中重金属的浓度，特别是Cd、Pb、Mn和Hg，与土壤环境中重金属的污染程度密切相关，推断土壤中的MPs可
P08030,Long-term influence of maize stover and its derived biochar on soil structure and organo-mineral complexes in Northeast China,玉米秸秆及其衍生生物炭对中国东北土壤结构和有机矿物复合体的长期影响,"以往研究中关于生物炭对土壤结构和团聚体稳定性的影响一直存在争议。为了探究生物炭对土壤团聚体的作用，在中国东北的棕壤上进行了一项为期5年的田间试验。我们测定了表层土壤（0-20厘米）和土壤团聚体中的团聚体分布（> 2000 μm, 250–2000 μm, 53–250 μm, 和 < 53 μm）以及有机碳（OC）和有机矿物复合体含量。研究了三种处理：对照（仅施用矿物氮磷钾肥料）、生物炭（施用量为2.625 t ha−1）和秸秆（玉米秸秆施用量为7.5 t ha−1），所有处理均接受相同的施肥。生物炭和秸秆的施用显著降低了土壤容重和颗粒密度（p < 0.05），并提高了土壤总孔隙度。两种改良措施均显著提高了土壤整体及所有研究团聚体组分中的总有机碳、重组有机碳组分及有机矿物复合体数量（p < 0.05）。生物炭和秸秆施用促进了小团聚体的形成。大团聚体中包含更多的有机质，这导致了更多有机矿物复合体的形成，从而提高了土壤团聚体的稳定性。然而，生物炭和秸秆对有机矿物复合体影响的不同机制仍需进一步研究。生物炭和秸秆施用都是改善中国东北地区土壤结构的有效方法。"
P08091,"Biochar addition coupled with nitrogen fertilization impacts on soil quality, crop productivity, and nitrogen uptake under double-cropping system",双季作物系统下生物炭配施氮肥对土壤质量、作物生产力和氮吸收的影响,据报道，生物炭与无机肥料配合施用可以提高作物产量并增强土壤肥力。然而，关于这种协同效应对中国土壤特性和米粉稻（noodle rice）性能的研究仍然很少。为了研究生物炭配合无机肥料施用对土壤可持续性、米粉稻产量及其性状的影响，于2018年早季和晚季进行了室外盆栽实验。跨季节汇总的结果显示，与T1相比，生物炭处理盆栽的净光合速率、籽粒产量、氮吸收、胶稠度、直链淀粉含量（AC）和蛋白质含量均有所增加。与T1相比，T4处理在跨季节的土壤孔隙度、含水量、pH值、有机碳、全氮、有效磷和有效钾分别平均增加了63.24%、63.66%、14.85%、58.0%、59.0%、22.39%和2.9%。在T3、T4、T7和T8中，总根长、表面积、体积和平均根直径等根系形态特征得到了显著改善。淀粉分支酶（SBE）、淀粉去分支酶（DBE）和可溶性淀粉合成酶（SSS）等淀粉相关酶未受到显著影响；然而，在40和60 t/ha生物炭用量下，结合不同氮率，颗粒结合淀粉合成酶（GBSS）、ADP-葡萄糖焦磷酸化酶（ADPG）和淀粉合成酶（SS）显示出更高的活性。总之，施用60 t/ha生物炭并配合270 kg N/ha
P08162,Impacts of parent material on distributions of potentially toxic elements in soils from Pearl River Delta in South China,中国南方珠江三角洲地区母质对土壤中潜在有毒元素分布的影响,评估母质对土壤中潜在有毒元素分布的影响对于污染源解析具有重要意义。本研究调查了中国南方珠江三角洲（PRD）第四纪沉积物和花岗岩体发育土壤中PTEs的地球化学分布和来源。结果表明，两种母质发育的土壤中氧化物和PTEs的浓度存在系统性差异。母质主要决定了土壤中的元素分布。发育在第四纪沉积物中的深层土壤中的PTEs主要来源于镁铁质、长英质、碳酸盐源物质以及多金属矿床。对于发育在花岗岩体中的深层土壤，元素组合主要受其地球化学亲和力和行为以及花岗岩体矿物成分的控制。人类活动影响了PRD表层土壤中PTEs的特征。然而，叠加的区域规模污染被发现并没有掩盖母质对表层土壤中PTEs分布的影响。
P08177,Characterizing pollution and source identification of heavy metals in soils using geochemical baseline and PMF approach,利用地球化学基线和PMF方法表征土壤重金属污染及源解析,由于研究区域缺乏区域背景值或不适用，因此有必要建立局部地球化学基线浓度（GBCs）。建立土壤重金属（HM）的GBCs有助于准确评估污染，从而为污染控制提供依据。基于此，选取中国广东省揭东区作为案例研究。本研究利用累积频率分布曲线确定下层土壤的局部GBCs。确定的Cr、Hg、As、Pb、Ni、Cd、Cu、Zn、Co和V的GBCs分别为39.91、0.072、11.48、47.62、12.70、0.17、14.22、64.54、6.31和68.14 mg/kg。表层土壤中Hg、As、Pb、Cd、Cu和Zn的平均浓度超过了相应的基线浓度。特别是Cd和Hg的含量分别是GBCs的1.53倍和2.22倍。根据该基线标准，应用富集因子（EF）、污染负荷指数（PLI）和生态风险指数（RI）评估HM污染。EF和PLI表明大部分地区处于中度污染状态，而Hg和Cd污染更为严重。RI值显示研究区大部分区域的潜在生态风险较低。通过结合正定矩阵因子分解（PMF）与地统计学方法识别了HMs的可能来源。综合分析表明，Hg和Cd与工业活动有关，如纺织服装加工、塑料橡胶生产和金属制造；As和部分Cu主要来源于农业活动，即
P08195,Soil and water conservation effects driven by the implementation of ecological restoration projects: Evidence from the red soil hilly region of China in the last three decades,生态修复项目实施驱动的土壤水土保持效益：基于中国红壤丘陵区近三十年的证据,中国的水土保持（SWC）已逐步发展为国家重点生态建设工程，其规模和覆盖范围不断扩大。然而，生态修复项目下水土保持措施（SWCMs）的分布特征以及宏观视角下的水源涵养和土壤保持效益尚不明确。为解决这一问题，本文选取中国红壤丘陵区（RSHR），分析了生态修复项目中SWCMs的30年演变过程和空间趋势。从水平和海拔三维平面分析了SWCMs的空间分布。此外，通过对比水土保持量和土壤侵蚀强度，获得了SWCMs的四种效益特征。最后，探讨了提高重点地区SWC效率的方法。
P08282,The Structure and Diversity of Nitrogen Functional Groups from Different Cropping Systems in Yellow River Delta,黄河三角洲不同种植制度下氮功能基因群落的结构与多样性,
P08298,Beneficial bacteria activate nutrients and promote wheat growth under conditions of reduced fertilizer application,有益细菌在减少肥料施用条件下活化养分并促进小麦生长,
P08316,An Uncertainty Assessment of Human Health Risk for Toxic Trace Elements Using a Sequential Indicator Simulation in Farmland Soils,基于序贯指示模拟的农田土壤有毒微量元素人体健康风险不确定性评估,农田土壤中的有毒微量元素对人体健康构成潜在威胁。本研究收集了中国广州南部农田的土壤样品，使用序贯指示模拟（SIS）处理样本数据的偏态分布问题，评估了砷、镉、铬、铅和汞五种有毒微量元素的人体健康风险及其不确定性。结果显示： Cd和Hg的风险指数低于标准阈值，而As、Cr和Pb的最大风险指数超过了标准阈值。高风险指数区域主要集中在靠近珠江和广州核心城市中心的番禺地区；除Pb外，这些微量元素在广州南部不太可能构成健康风险；与E型估计相比，SIS方法发现的风险概率在可视化区域风险方面更为可靠。
P08337,Relationships between soil properties and the accumulation of heavy metals in different Brassica campestris L. growth stages in a Karst mountainous area,喀斯特山区土壤性质与不同生长阶段油菜重金属积累的关系,农田中重金属的形态和活性随土壤性质和淹水环境而变化，特别是在贵州省土壤的复杂多雨环境中。本研究旨在探讨喀斯特山区不同生长阶段油菜根际土壤中多种重金属的活性浓度及其形态。研究采用了Tessier五步连续提取法、潜在生态风险指数、贝叶斯网络、累积因子、转移因子以及室内模拟实验。结果表明：(1) 除Cd外，重金属浓度均未超过中国农用地土壤污染风险管控标准（GB15618-2018）。(2) 累积因子和转移因子的顺序分别为 Zn > Cd > Cu > Pb > Cr 和 Cd > Cu > Zn > Pb > Cr。整个生长期间不同组织重金属含量的顺序为 根 > 叶 > 茎。(3) 室内模拟试验表明，干湿交替和淹水可降低土壤中Cd的活性。(4) 基于动态贝叶斯网络，氧化还原电位是影响土壤重金属总量和化学形态的主要因素，而非pH或有机质。基于结果，建议利用干湿交替改善重金属活性，而研究区中重金属离子交换态比例相对较低（Cd除外）。在油菜栽培过程中可采取措施增强土壤酸性并降低Cd活性。
P08472,"Effect of chemical fertilizer and straw-derived organic amendments on continuous maize yield, soil carbon sequestration and soil quality in a Chinese Mollisol",化肥和秸秆来源的有机改良剂对连续玉米产量、土壤碳截留和土壤质量的影响：基于中国黑土的研究,施加秸秆及其衍生的生物炭和堆肥等有机改良剂被认为是维持土壤生产力的有效策略。然而，关于土壤碳截留、土壤质量和作物产量对这些改良剂响应变化的信息仍然有限，特别是在有机质含量高的土壤中。该田间试验自2011年秋季起在黑土上进行，以评估化肥配合玉米残体驱动材料改良剂对连续玉米产量、土壤碳截留和土壤质量参数的影响。试验包含五个处理：CK（无肥）、NPK（化肥）、NPK+ST（NPK加玉米秸秆）、NPK+CP（NPK加秸秆堆肥）和NPK+BR（NPK加秸秆生物炭）。有机材料按等碳输入量（每年3.2 Mg ha-1）施用。2017年采集0-10 cm和10-20 cm土层的土壤样品，分析土壤有机碳（SOC）、易氧化有机碳（ROC）、溶解性有机碳（DOC）、微生物生物量碳（MBC）、养分和团聚体粒径分布含量。与CK和NPK处理相比，NPK+BR和NPK+CP显著增加了表层土壤（0-20 cm）的SOC储量。不同处理相关的土壤碳截留量（相对于2011年SOC基线）如下：NPK+BR (13.1 Mg ha-1) > NPK+CP (5.60 Mg ha-1) > NPK+ST (2.90 Mg ha-
P08584,Probabilistic-fuzzy risk assessment and source analysis of heavy metals in soil considering uncertainty: A case study of Jinling Reservoir in China,考虑不确定性的土壤重金属概率-模糊风险评估及源分析：以中国金岭水库为例,考虑由样本测量的随机误差、污染物时空分布的异质性以及传统方法选择单一参数进行评估所带来的不确定性，基于模糊理论、Hakanson潜在生态风险指数（考虑重金属富集、生态毒性和生物有效性）和美国环境保护局健康风险评估系统，建立了土壤重金属的模糊生态风险和健康风险评估方法。在金岭水库地区土壤中，具有高生物有效性的Cd对RI（风险指数）的平均贡献率最高，因此被视为生态风险的优先金属。JL9和JL11点位为优先控制区域。重金属对人体健康未构成明显危害，但儿童的健康风险较高。Pb和As被视为健康风险的优先金属。模糊评价提供了风险区间和隶属度，包含了更多参数信息，量化并减少了参数的不确定性，提供了更全面的结果，并弥补了确定性评价的不足。作为重金属的主要来源，必须控制该地区农业活动的强度，以避免重金属的过量输入和积累，从而损害生态环境并危害人类健康。
P08695,"Ecological and human health risk assessment of heavy metals based on their source apportionment in cropland soils around an e-waste dismantling site, Southeast China",中国东南部电子垃圾拆解点周围农田土壤重金属源解析及生态与健康风险评估,准确理解土壤重金属污染特征和源解析，并识别影响生态和健康风险的主要因素，对于土壤重金属污染控制和修复至关重要。本研究在中国浙江省台州市某电子垃圾拆解点周边农田采集了212个表层土壤（0-20厘米）和15个剖面土壤（0-100厘米）。利用空间分析评估了重金属（Cd、Cu、Pb、Zn、Cr和Ni）的污染特征。并进行了主成分分析（PCA）和正定矩阵因子分解（PMF）以量化其源贡献。建立了一种改进的源取向健康风险评估方法，整合了源取向生态风险和健康风险评估。结果显示，表层土壤中94.81%、88.21%、36.79%和47.17%的Cd、Cu、Pb和Zn含量超过了《农用地土壤环境质量标准》（GB 15618-2018）的筛选值。空间分析表明，Cd、Cu、Pb和Zn的高值区分布在电子垃圾拆解点附近。PCA和PMF结果表明，研究区重金属的主要来源是电子垃圾拆解活动、自然源和大气沉降，分别贡献了27%、46%和27%的重金属污染物。源取向生态和健康风险评估结果表明，电子垃圾拆解活动和自然源是生态和健康风险的主要来源。然而，源取向健康风险评估可能会因忽视重金属污染水平而低估电子垃圾拆解活动的贡献。改进
P08922,"Responses of soil microbial diversity, network complexity and multifunctionality to three land-use changes",三种土地利用变化下土壤微生物多样性、网络复杂性和多功能性的响应,土地利用变化是自然生态系统服务面临的最大挑战之一。土壤微生物组对于调节多种生态系统功能至关重要。然而，关于土地利用变化对土壤微生物群落及其相关土壤功能的影响知之甚少。在这项研究中，通过空间代替时间的采样策略，调查了代表森林转变为灌丛或草地以及灌丛转变为草地的150个高山土壤样品的细菌、真菌和原生动物群落多样性、共现网络以及它们与土壤多功能性的关系。森林向草地的转化增加了真菌和细菌的多样性，并改变了细菌、真菌和原生动物的微生物群落结构，从而对土壤微生物组产生比其他土地利用转化更大的影响。跨营养级相互作用分析表明，这种转化增加了微生物网络的复杂性和稳健性，而森林向灌丛的转化则呈现相反趋势。土地利用引起的土壤多功能性变化与微生物网络模块有关，但并不总是与微生物多样性的变化相关联。随机森林模型进一步表明，微生物模块在解释土壤多功能性方面具有重要作用，并与环境因素一起发挥作用。这些发现表明地下多营养级生物对土地利用变化的响应不同，以及微生物模块在预测土壤多功能性方面的潜在作用。
P09193,Development and application of machine learning models for prediction of soil available cadmium based on soil properties and climate features,基于土壤性质和气候特征的土壤有效态镉预测机器学习模型的开发与应用,识别土壤有效态镉（Cd）的关键影响因子对于阻止其在食物链中的积累至关重要。然而，目前评估有效态镉的实验方法和传统预测模型既耗时又低效。本研究开发了机器学习（ML）模型，以探究土壤性质、气候特征与有效态镉之间复杂的相互作用，旨在识别关键影响因子。通过分层采样、贝叶斯优化和10折交叉验证的组合获得了最优模型，并利用置换特征重要性、2D偏依赖图和3D交互图对模型进行了进一步解释。结果表明，pH、地表气压、感热净通量和有机质含量显著影响土壤中镉的积累。通过利用中国的历史土壤调查和气候变化数据，本研究预测了中国区域有效态镉的空间分布趋势，突出了镉活性较高的主要区域。这些区域主要位于中国东部、南部、中部和东北部。本研究提出了一种理解土壤有效态镉积累过程的新方法。此外，还为土壤镉污染的修复和控制提供了建议和方向。
P09571,National scale assessment of the soil erosion and conservation function of terraces in China,中国梯田土壤侵蚀与保持功能的全国尺度评估,梯田不仅具有生产功能，还具有突出的生态功能，已成为全球重要的水土保持措施。尽管关于梯田水土保持的研究很多，但由于缺乏梯田空间分布数据，目前大多数研究都集中在小区域，缺乏大规模的研究。本研究首次定量评估了中国梯田的土壤侵蚀、水土保持能力及其空间分布。利用空间化方法和修正通用土壤流失方程（RUSLE）模型计算了像素尺度下梯田和坡耕地的土壤侵蚀模数和侵蚀量。结果表明，2017年中国梯田的平均土壤侵蚀模数和侵蚀量分别为273.56 t km− 2 a-1和4.88 × 107 t，平均土壤保持模数和保持量分别为2132.59 t km− 2 a-1和3.81×10^8 t。在国家尺度上，梯田保持了88.63%的土壤免受侵蚀。绝大多数梯田经历微度侵蚀（84.53%）和轻度侵蚀（14.97%），只有极少部分梯田经历中度及以上侵蚀。在空间上，黑土区、红土区和石山区的梯田土壤保持效果较好，而黄土高原和青藏高原的梯田效果较差。这项研究的发现有助于了解中国梯田土壤侵蚀的区域差异，从而有助于制定环境保护政策。
P09685,"Soil quality assessment of vegetation restoration after a large forest fire in Daxing’anling, northeast China",中国东北大兴安岭大火后植被恢复的土壤质量评价,林火显著改变了土壤的功能和质量。找到一种在林火后加速土壤质量恢复的有效方法是一个主要问题。本研究调查了落叶松人工林火灾后不同恢复年份植被恢复期间的土壤质量指数（SQI）。利用主成分分析法检验了土壤的15个物理、化学和生物学性质，并通过SQI评估了土壤质量。结果显示，恢复24年后，土壤物理性质、化学性质和酶活性改善最为显著。土壤微生物生物量碳含量和微生物生物量氮含量随恢复年份增加。土壤容重、微生物生物量氮、蔗糖酶和过氧化氢酶被保留在最小数据集中。恢复24年后，SQI最高，值为0.52，其次是自然恢复、21年、13年和16年；恢复3年后SQI最低，值为0.26。人工再生加速了24年后土壤质量的恢复。应持续监测研究区域的土壤质量。
P09909,Application of clay minerals in remediation of heavy metal pollution in soil,粘土矿物在土壤重金属污染修复中的应用,
P10720,"Contamination characteristics, source analysis, and ecological risk assessment of toxic metals and metalloid in agricultural soil in Yuzhong, China",中国榆中县农业土壤中有毒金属及类金属的污染特征、来源分析及生态风险评估,人类活动已导致农业土壤的毒性金属污染和生态风险。本研究选取了中国榆中农业土壤系统中的291个表层土壤样品，基于地统计学、污染指数和生态风险指数，研究了有毒金属和类金属的污染特征、来源及生态风险。As的主要分布邻近牧场，主要来源于畜牧业；Pb在煤矿工厂和黄河附近被观察到，来源于工业和交通；Cd与Pb相似，主要来源于工业、交通和农业；Cr发现于水泥厂附近，来源于工业和交通；Hg发现于城区附近，主要来源于工业和生活垃圾。这些元素超过土壤背景值的比例达到了99.9%。除部分样品中Cd和Hg超标外，Cr、Hg和As大多低于允许限值。此外，有毒金属的综合潜在生态风险主要处于中等及以下水平，而Cd和Hg的风险较高。控制Cd和Hg对于防止土壤污染至关重要。本研究阐明了当前的污染状况、主要污染物及其来源，并为农业土壤修复提供了重点和方向。
P10734,Evaluation of soil quality in major grain-producing region of the North China Plain: Integrating minimum data set and established critical limits,华北平原主要产粮区土壤质量评价：整合最小数据集与既定临界值,了解土壤质量（SQ）与生产力之间的联系、SQ的异质性以及影响作物生产力的限制指标，对于特定区域鼓励在提高SQ的同时促进盈利作物生产至关重要。本研究旨在开发反映土壤性质总数据集（TDS）的最小数据集（MDS）变量选择方法，用于华北平原主要产粮区禹城市的SQ评估和作物产量预测。根据大田条件下的当地作物产量，建立了用于标准化评分函数的土壤性质临界值，并评估了限制作物生产力的关键限制指标。本研究采集了99个表层土壤（0–20 cm）样品，分析了pH值、电导率、粘粒含量、土壤有机质、阳离子交换量、全氮、磷（P）和钾（K）、有效P、K、Cu、Mn、Mo和Zn等14项土壤性质。利用土壤性质的主成分分析（PCA），通过不同的变量选择方法创建了三个MDS。在这些MDS中，由总主成分载荷导出的标准值指标被认为是评价SQ的最合适方法。基于MDS的土壤质量指数（SQI）与基于TDS的SQI和作物产量具有更高的相关性。通过将土壤变量与田间条件下的玉米和小麦产量进行回归，确定了土壤性质的临界值。与基于 published 经验值的SQI相比，利用测量临界值计算的SQI更为准确。评价结果显示，计算的SQI解释了作物
P11135,Soil quality response to organic amendments on dryland red soil in subtropical China,亚热带中国旱地红壤有机改良对土壤质量的响应,有机肥的施用可以提高土壤肥力和生产力，并减少化肥的使用。然而，很少有实验研究关注有机肥对田间生态系统土壤质量的影响。本研究的主要目标是开发一种用于中国红壤农田施肥管理的土壤质量指数（SQI）。具体目标是确定：1）合适的土壤质量指标，2）合适的权重分配方法（PCA 主成分分析或 MRA 多元回归分析），以及 3）最佳的评分函数（标准或线性或非线性）。我们分析了九种施肥处理（CK（无肥），CF（化肥），RF（60% 化肥），CFS（化肥+秸秆），RFS（60% 化肥+秸秆），CFB（化肥+生物炭），RFB（60% 化肥+生物炭），RFP（60% 化肥+猪粪），RFV（60% 化肥+蚯蚓粪））下的 40 个土壤物理、化学、生化和生物学性质作为潜在的土壤质量指标。主成分分析和相关分析被用于确定对管理有响应的指标并确认六个 SQI。从总共 40 个土壤指标中选择了有效磷、氮、钾和革兰氏阳性菌作为最小数据集。有机和无机肥的管理以不同方式影响每种土壤性质，且基于最小数据集的指数，使用标准评分函数和多元回归分析的权重分配方法计算时，是最准确和敏感的。施用猪粪或蚯蚓粪显著增加了 SQI 值，其次是秸秆或
P11139,Positive association between soil arsenic concentration and mortality from alzheimer’s disease in mainland China,中国大陆土壤砷浓度与阿尔茨海默病死亡率之间的正相关关系,"目的：本研究旨在探讨中国大陆土壤砷浓度与阿尔茨海默病（AD）死亡率之间的关系。方法：研究涵盖了中国大陆的22个省份和3个市辖区。1990年的土壤砷浓度数据获取自中国国家环境保护局；1991年至2000年的AD年度死亡率数据获取自中国国家死因监测数据库。利用这些数据，我们计算了土壤砷浓度与AD死亡率之间的斯皮尔曼相关系数，以及通过四分位数分组得出的土壤砷水平与AD死亡率之间的相对风险。结果：A层土壤、C层土壤和总土壤中的砷浓度与AD死亡率的斯皮尔曼相关系数分别为0.552 (p = 0.004)、0.616 (p = 0.001)和0.622 (p = 0.001)。当A层土壤砷浓度超过9.05 mg/kg、10.40 mg/kg和13.10 mg/kg时，相对风险分别为0.835 (95 % CI: 0.832, 0.838)、1.969 (95 %CI: 1.955, 1.982)和2.939 (95 % CI: 2.920, 2.958)；当C层土壤砷浓度达到9.45 mg/kg、11.10 mg/kg和13.55 mg/kg时，相对风险分别为4.349 (95 % CI: 4.3"
P11173,"Assessment of earthworm activity on Cu, Cd, Pb and Zn bioavailability in contaminated soils using biota to soil accumulation factor and DTPA extraction",利用生物-土壤积累因子和DTPA提取评估蚯蚓活动对污染土壤中Cu、Cd、Pb和Zn生物有效性的影响,该研究旨在利用蚯蚓的金属生物-土壤积累因子（BSAF）探讨蚯蚓活动对土壤中金属生物有效性的影响。基于微宇宙实验室实验，将表层种Amynthas corticis和内栖种Amynthas robustus在两种被Cd、Zn、Pb和Cu污染的土壤中培养120天。测定了蚯蚓特征（即数量、生物量和BSAF）、土壤性质（即pH、有机碳和氮含量及其组分，如矿化和微生物量）以及土壤中DTPA提取的金属。培养后，两个蚯蚓物种的生物量和存活数量显著降低（P < 0.05）。蚯蚓组织中Cd、Zn和Pb的积累及BSAF值取决于蚯蚓物种。根据双因素方差分析，BSAF-Pb清楚地显示了不同蚯蚓物种的影响，而BSAF-Cu则显示了蚯蚓与土壤类型的交互效应。蚯蚓显著改变了土壤性质，特别是矿化碳、溶解氮和pH值（P < 0.05）。蚯蚓活动增加了DTPA提取的Zn和Cu，且A. robustus的影响强于A. corticis。冗余分析（RDA）显示，BSAF-Cu和BSAF-Pb分别对土壤性质和DTPA金属变化的贡献率为51.9%和51.7%，表明BSAF-Cu和BSAF-Pb对土壤性质和土壤金属生物有效性的影响相
P11181,"Assessment of soil quality indexes for different land use types in typical steppe in the loess hilly area, China",黄土丘陵区典型草原不同土地利用类型的土壤质量指数评价,"土壤质量指数（SQI）对于评估草地生态系统至关重要。本研究旨在使用全数据集、最小数据集（MDS）和修正最小数据集（RMDS）指标选择方法以及线性和非线性评分方法来评估不同土地利用方式下的土壤质量。研究以宁夏黄土丘陵区典型草原的四种土地利用类型（放牧草地GG、围封草地FG、水平沟草地CG和鱼鳞坑草地FPG）为研究对象，测定了0-40 cm土层的18项土壤物理、化学和生物学指标（土壤容重、几何平均直径GMD、平均重量直径MWD、田间持水量FWC、毛管孔隙度、总孔隙度、土壤有机碳、全氮TN、全磷、速效钾AK、速效氮、微生物量碳、微生物量氮、蔗糖酶活性SA、蛋白酶活性、过氧化氢酶活性CA、磷酸酶活性PPA和脲酶活性）。利用主成分分析法选择MDS和RMDS。结果表明，MDS和RMDS分别包含三个（SA, MWD, PPA）和六个（FWC, GMD, TN, AK, SA, CA）土壤指标。线性评分方法的SQI一致性值高于非线性评分方法。由于线性评分-修正最小数据集具有最高的F值、变异系数（CV）和相关系数，因此被认为是计算SQI的最合适方法。四种土地利用类型的SQI值排序为 FG > GG > "
P00703,"Ecological and health risks of heavy metal on farmland soils of mining areas around Tongling City, Anhui, China",铜陵矿区农田土壤重金属的生态与健康风险,为了调查和评估典型采矿城市农田土壤的重金属污染情况，分析了中国铜陵市四个矿区（铜关区TGD、顺安镇SAT、天门镇TMT和中门镇ZMT）和两个对照区（西联乡XLT、东联乡DLT）土壤中Cu、Cd、Zn、Pb、As和Cr的浓度。土壤中金属总浓度的顺序为：Cd < As ≤ Pb < Cu < Cr ≤ Zn。矿区土壤中的金属总浓度显著高于对照区（P < 0.05）。根据中国土壤环境质量标准（GB 15618-1995）和地累积指数，矿区农田土壤中Cd和As的污染最为严重，其次是Cu。TGD和SAT土壤重金属的地累积指数最高，其次是TMT和ZMT。土壤重金属的健康风险商（HQ）显示为：HQ_As > HQ_Pb > HQ_Cr > HQ_Cd > HQ_Cu > HQ_Zn，除Cd外，As的总平均日暴露剂量（非致癌风险）最高。成人和儿童表层土壤中As和Cd的致癌风险指数（CR）对总致癌风险指数（TCR）的贡献率分别为99.91%和0.09%，儿童为99.87%和0.13%。矿区农田土壤中As的CR和TCR大于10^-4，表明对成人和儿童均处于不可接受的致癌风险范围内。根据本研究的结果，可以帮
P01255,"Soil quality assessment of croplands in the black soil zone of Jilin Province, China: Establishing a minimum data set model",吉林省黑土区农田土壤质量评价：建立最小数据集模型,土壤质量评价是提高对土壤质量异质性理解并鼓励采取适当农业实践的有效方法。本文旨在选择中国吉林省黑土区最有效的土壤质量指数和最小数据集（MDS），并分析土壤质量与环境控制之间的关联。以中国吉林省黑土区的农田为研究区，比较了不同的评分方法、指数和数据集方法的组合。然后通过主成分分析选择基于非线性评分方法导出的综合质量指数的最小数据集（MDSIQI-NLS指数）来评估研究区的土壤质量。确定的研究区最小数据集包括容重、阳离子交换量、土壤有机质、碱解氮、全钾、有效铜和有效铁。结果表明，研究区土壤质量以中等为主（II、III和IV级），约占总面积的90%，且土壤质量指数从西北向东南递增。采用分组分析是因为不同环境因子的组合在不同亚区域起着不同的作用。分析结果显示，影响第1组土壤质量的最重要因素（按重要性递减顺序）是：年平均温度、DEM、秸秆还田量、母质和地形湿度指数。第2组为：母质、年降水量、年平均温度、化肥、DEM、秸秆还田量。该分析被证明是确定影响土壤质量空间分布因素的有效方法。
P01748,Fuzzy synthetic evaluation and health risk assessment quantification of heavy metals in Zhangye agricultural soil from the perspective of sources,基于源解析的张掖农业土壤重金属模糊综合评价与健康风险评估,农业土壤中的重金属因其容易被作物吸收进入生态系统而备受关注。从源头管理重金属的排放是预防和控制重金属污染的有效途径。本研究利用分组主成分分析（GPCA）和正定矩阵因子分解（PMF）受体模型进行源解析，结果表明前者在预测精度上更具优势。基于GPCA/APCS的源贡献结果，采用模糊综合评价模型和健康风险评价模型对重金属进行了评价。源解析结果显示，张掖农业土壤中的重金属主要受钢铁工业、交通、农用化学品、肥料、采矿活动、皮革工业和金属加工工业源的影响。模糊综合评价显示，皮革工业和金属加工工业来源的铬（Cr）以及钢铁工业和交通来源的镍（Ni）的污染水平较高。健康风险评估表明，皮革工业和金属加工工业来源的Cr以及钢铁工业和交通来源的铅（Pb）的非致癌和致癌风险较高。
P03018,Bioconversion of coal to methane by microbial communities from soil and from an opencast mine in the Xilingol grassland of northeast China,中国东北锡林郭勒草原土壤及露天煤矿微生物群落将煤炭转化为甲烷的生物转化,背景：锡林郭勒草原生态系统拥有丰富的浅层煤炭储量。露天煤矿开采和燃煤发电引发了一系列环境挑战。煤炭生物源甲烷的产生具有改善清洁煤利用经济和环境成果的潜力。然而，栖息在草原土壤中的微生物是否具有将煤炭转化为生物甲烷的功能潜力尚不清楚。结果：通过Hiseq测序和厌氧培养，研究了露天煤矿及覆盖和环绕该矿的草原土壤中的微生物群落及其生物甲烷产生潜力。覆盖土中的微生物群落与周边土壤表现出高度相似性。煤炭和土壤样品中大部分细菌群落属于厚壁菌门、拟杆菌门、放线菌门和变形菌门。在土壤中，氢营养型甲烷杆菌是主要的产甲烷菌。土壤中的潜在降解者和产甲烷菌有效地刺激了煤炭样品的甲烷形成。结论：草原土壤中潜在的微生物煤炭降解者和产甲烷古菌非常多样。通过添加草原土壤微生物群落产生了大量的生物甲烷。
P03204,Remediation Strategy On Farmland Soil Polluted by Heavy Metal and Organism,重金属－有机物复合污染农田土壤修复策略研究,介绍了我国农田土壤重金属－有机物复合污染现状，重点分析了重金属－有机物土壤复合污染的相互作用及过程，对适用于复合污染农田土壤联合修复技术进行了总结。在此基础上，结合生物碳用于土壤修复的机理与实践情况，提出了“不同种类生物炭改良+耐性植物”这一针对重金属－有机物复合污染农用土壤有效的修复策略。
P03264,EFFECTS OF Pb AND Cd STRESS ON THE PHOTOSYNTHETIC PHYSIOLOGICAL CHARACTERS OF POTATO IN HEAVY METAL POLLUTION OF SOIL,土壤重金属污染中铅和镉胁迫对马铃薯光合生理特性的影响,研究了铅和镉胁迫对马铃薯光合生理特性的影响。以马铃薯品种西薯1号为试验材料，进行单因素随机区组试验。随着浓度的增加和处理时间的延长，马铃薯的光合速率、气孔导度、蒸腾速率、胞间CO2浓度和SPAD值均有所下降。随着Pb和Cd浓度的继续增加，大多数光合生理指标趋于稳定。但在高浓度Cd处理下，SPAD值急剧下降。马铃薯光合系统对Pb和Cd具有一定的耐受性，Cd对马铃薯光合作用的影响大于Pb。
P07219,"Soil contamination in China: current priorities, defining background levels and standards for heavy metals",中国土壤污染：当前的重金属背景值与标准制定重点,中国政府正在建立有效的土壤污染管理框架。重金属污染是中国土壤质量、健康和修复讨论的关键。本文简要回顾了中国土壤重金属污染情况，并讨论了背景值和标准的概念。讨论了污染土地及其管理对中国粮食安全和城市化的重要性。提出了中国下一步制定有效研究和管理制度的重点。我们认为，在基于科学的土壤污染物风险评估中，将形态和生物有效性纳入测量和评价标准至关重要。考虑土壤生物学/生态终点对于保护生态系统健康是必要的。国家和区域/地方的土地利用类型/利用场景将解决工业用地的居住/城市再利用以及不同的农业场景。
P07783,Bioassessment of Heavy Metals in Wheat Crop from Soil and Dust in a Coal Mining Area,煤矿区土壤和灰尘中小麦重金属的生物评估,煤炭开采及其相关工业会增加土壤、大气和小麦中的重金属(HM)浓度，从而通过食物摄入对人体健康构成金属相关风险。本研究从中国东部徐州煤矿采集了58份土壤、小麦和粉尘样品，研究了6种重金属(Pb、Cd、Cu、Zn、As和Cr)在小麦中的空间分布、在不同小麦器官(根、茎叶、颖壳和籽粒)中的富集、污染程度及潜在的人体健康风险。结果表明，小麦籽粒中重金属的空间分布可能与煤炭有关，而与土壤不同。小麦器官中大多数重金属富集在根之后的颖壳和茎叶中，其次是籽粒，表明与其它来源相比，重金属更多来自大气粉尘。同时，徐州煤矿区71%的小麦籽粒受到重金属的综合污染。潜在的健康风险表明，摄入食物是造成居民非致癌和致癌风险的主要暴露途径。本研究为控制矿区大气粉尘重金属富集和人体健康风险管理政策提供了基础信息。
P07858,Effects of soil environmental factors and UV aging on Cu²⁺ adsorption on microplastics,土壤环境因素和紫外线老化对微塑料吸附Cu²⁺的影响,自然环境中的微塑料引起了广泛关注。尽管陆地环境中的微塑料数量远高于水生环境，但很少有研究探讨微塑料在陆地环境中的化学行为。本研究通过批量吸附实验调查了六种微塑料（PA、PE、PS、PET、PVC、PMMA）对Cu²⁺（作为典型重金属）的吸附能力，以及不同土壤环境因子（包括pH、阳离子和低分子量有机酸的存在）以及紫外线老化对其的影响。PA和PMMA对Cu²⁺的吸附能力高于其他MPs，其最大平衡吸附容量（由Langmuir吸附方程估算）分别为323.6 μg/g ± 38.2和41.03 ± 1.78 μg/g。pH影响MPs对Cu²⁺的吸附，PA和PMMA分别在pH=6和pH=7时吸附量最大。Ca²⁺或Mg²⁺的存在抑制了MPs对Cu²⁺的吸附，这是由于吸附位点的竞争。此外，不同类型的LMWOAs对MPs吸附Cu²⁺有影响。柠檬酸显著降低了PA对Cu²⁺的吸附，其次是草酸，而草酸对PMMA吸附Cu²⁺的影响尤为明显。UV老化（200小时）对MPs吸附Cu²⁺有不同的影响，这取决于羰基指数的变化。结果表明，土壤环境因素可以改变不同MPs吸附Cu²⁺的能力，并影响污染物作为载体的迁移。
P07906,Geochemical Characteristics and Toxic Elements in Alumina Refining Wastes and Leachates from Management Facilities,氧化铝精炼废物及管理设施渗滤液的地球化学特征与有毒元素,进行了一项全国性调查，旨在评估中国主要氧化铝厂赤泥及其渗滤液的地球化学特征和环境影响。对赤泥的化学和矿物成分进行了调查，并分析了渗滤液中的主要、次要和痕量元素。赤泥的矿物和化学成分随精炼工艺（即拜耳法、烧结法和联合法）和母铝土矿而变化。赤泥中的主要矿物是石英、方解石、白云石、赤铁矿、水柘榴石、方钠石、硬石膏、钙霞石和三水铝石。赤泥的主要化学成分是 Al、Fe、Si、Ca、Ti 和氢氧化物。伴生的赤泥渗滤液呈强碱性（pH > 12），对水生生物有毒。渗滤液中 Al、Cl−、F−、Na、NO3^2− 和 SO4^2− 的浓度超过中国推荐的地下水质量标准高达 6637 倍。这些离子可能会增加土壤和地下水的盐渍化。赤泥渗滤液中的次要元素包括 As、B、Ba、Cr、Cu、Fe、Ni、Mn、Mo、Ti、V 和 Zn，痕量元素包括 Ag、Be、Cd、Co、Hg、Li、Pb、Sb、Se、Sr 和 Tl。其中一些元素的浓度比地下水质量标准高 272 倍，对环境和人类健康有毒害。因此，赤泥管理需要科学指导，特别是设施围护系统的设计。
P07931,"The distributions, contamination status, and health risk assessments of mercury and arsenic in the soils from the Yellow River Delta of China",黄河三角洲土壤中汞和砷的分布、污染状况及健康风险评估,采集了黄河三角洲(YRD)四个区域的表层土壤，包括黄河三角洲自然保护区内的三个功能区（核心区、缓冲区和实验区）以及自然保护区邻近区域。调查了黄河三角洲表层土壤中汞和砷的总浓度、形态分布、污染状况及健康风险。汞的平均浓度约为背景值的3倍，而砷仅略高于背景值。实验区站点的汞水平显著高于核心区和缓冲区，这与三个功能区的人类活动强度一致。然而，不同区域间未观察到砷水平的显著差异。根据连续提取实验，仅少于5%的汞和砷与可交换态结合，而超过80%存在于残渣态中，表明汞和砷的迁移性和生物有效性均较低。土壤污染状况评估显示为“良好状态”，健康风险评估表明黄河三角洲土壤中的汞和砷处于“低风险”。
P07933,"High-throughput sequencing and analysis of microbial communities in the mangrove swamps along the coast of Beibu Gulf in Guangxi, China",广西北部湾沿海红树林沼泽微生物群落的高通量测序与分析,红树林沼泽是世界上最丰富和最富有生产力的海洋生态系统之一。该生态系统具有重要的生态意义，但也极易受到人为干扰的影响。红树林生态系统的平衡在很大程度上取决于沉积物中的微生物群落。因此，了解红树林微生物群落如何响应空间差异对于更准确地评估红树林生态系统健康至关重要。为此，我们首次进行了中等距离（150公里）尺度的红树林微生物群落生物地理分布研究。通过Illumina平台测序16S rRNA基因高变区，比较了中国广西北部湾沿海六个地点（珍珠港、渔洲坪、茅尾海、钦州港、北海和山口）红树林沉积物中的微生物群落。总体而言，变形菌门、拟杆菌门、绿弯菌门、放线菌门、奇古菌门、酸杆菌门和蓝细菌门是该地区红树林沉积物中的优势菌门。在属水平上，微生物群落的热图反映了采样点之间的相似性，并与它们的生物地理特征一致。有趣的是，脱硫球菌属、弓形杆菌属、硝化螺菌属和硫单胞菌属在不同采样点的丰度显示出差异。此外，利用主成分分析（PCA）和非加权UniFrac聚类树研究了微生物群落的生物地理多样性。北海和钦州港的微生物群落变化相对较大，表明环境条件和历史事件可能在塑造细菌群落方面发挥重要作用。这是关于红树林沼泽生态系统
P07936,Heavy metals speciation and its bioavailability in sewage sludge pyrolysis residue,污泥热解残渣中重金属的形态及其生物有效性,不稳定重金属的存在会影响污泥的安全回收利用。由于热解残渣中重金属的生物淋滤效应研究较少，本研究调查了污泥热解残渣（SSPR）中重金属的形态及其生物有效性。依次进行了污泥热解和SSPR的生物淋滤。此外，采用社区参考局（BCR）四步连续提取法分析SSPR及其生物淋滤残渣中重金属的形态。结果表明，热解富集了污泥中Cu、Ni、Zn和Pb的浓度（Cd除外）。重金属的物理性质差异以及污泥中有机物和水分的减少导致重金属在SSPR中富集。因此，SSPR中Cu、Zn和Ni的浓度高于农用污泥标准中的浓度。此外，SSPR中的重金属可由自然界中常见的氧化亚铁硫杆菌进行生物淋滤。生物淋滤后残留的大部分重金属分布在F3（可氧化态）和F4（残渣态）部分，这意味着SSPR中的重金属被氧化亚铁硫杆菌进一步稳定。因此，热解和生物淋滤的结合可用于稳定污泥中的重金属，且生物淋滤残渣中的重金属浓度可满足农用污泥标准。
P07966,Soil Pollution Management in China: A Brief Introduction,中国土壤污染管理简介,过去几十年，由于快速的工业化和城市化，土壤污染已成为中国一个严重的环境问题。然而，传统上，中国很少有针对土壤污染的法律法规。针对这一新兴威胁，近年来提出并实施了新的政策、法规和措施。本文总结了中国现有的土壤污染防治法律、行动计划、法规和风险控制规则。此外，文章还比较了中国与其他发达国家之间的土壤污染管理情况。中国现已建立了基于风险管控的综合土壤管理体系。法规已针对农用地、污染土地和工矿用地制定。农用地和开发用地存在单独的风险控制规则。根据土壤污染水平和农产品情况，农用地可分为优先保护、安全利用和严格管理三类。开发用地的风险控制规则为敏感用地和非敏感用地制定了不同的标准。与发达国家的比较表明，它们基于风险的控制和“污染者付费”的经验已被中国采纳。建议未来政策更新时增加额外的科学研究并鼓励公众参与。这项研究对新建立的中国土壤管理体系进行了全面的介绍。
P07969,High aluminum stress drives different rhizosphere soil enzyme activities and bacterial community structure between aluminum-tolerant and aluminum-sensitive soybean genotypes,高铝胁迫驱动耐铝和铝敏感大豆基因型根际土壤酶活性和细菌群落结构的差异,
P08052,Apportionment of sources of heavy metals to agricultural soils using isotope fingerprints and multivariate statistical analyses,利用同素指纹和多元统计分析解析农业土壤中重金属的来源,解析环境污染物的来源是控制污染的关键。本研究利用Cd和Pb同位素组成及多元统计分析，对中国江汉平原（JHP）234个农业土壤样品中重金属的来源进行了辨析。江汉平原土壤中部分金属的浓度高于中国土壤背景值。江汉平原土壤的Cd同位素组成与冶炼厂粉尘和焚烧炉飞灰中的Cd同位素组成相似，表明Cd是通过矿石冶炼和/或精炼过程输入到江汉平原土壤中的。江汉平原土壤的Pb同位素组成介于中国煤炭和天然来源的Pb同位素组成之间，二元同位素混合模型表明这两种来源分别贡献了江汉平原土壤中Pb的52%和48%。聚类分析和正定矩阵因子分析表明，江汉平原土壤中重金属的来源可能包括冶炼和/或精炼活动、燃煤、农业活动和自然来源（包括汉江沉积物和土壤母质）。同位素指纹和多元统计分析共同表明，燃煤和冶炼和/或精炼活动是污染江汉平原土壤的主要人为重金属来源。
P08171,The effect of Trichoderma biofertilizer on the quality of flowering Chinese cabbage and the soil environment,木霉生物肥料对菜心品质及土壤环境的影响,本研究分离了四种木霉菌株并制成生物肥料。经过30天的生物肥料处理，与对照相比，菜心的发芽率(↑22.5%)、株高(↑24.4%)、鲜重(↑41.7%)和产量(↑37.4%)显著增加。此外，经生物肥料处理30天的菜心，其可溶性糖(2.044%)、可溶性蛋白(5.938%)和叶绿素(2.803 mg/g)含量均高于对照组(分别为1.7.4%、5.611%和2.639 mg/g)；然而，对人体健康具有毒理学意义的硝态氮含量较低(↓23.6%)，表明木霉也能提高菜心的品质。经伊文思蓝和硝基蓝四唑染色后，生物肥料处理的菜心叶片蓝色区域较对照小，表明生物肥料增强了菜心对环境胁迫的耐受性。此外，生物肥料有助于提高第30天的土壤酶活性，包括脲酶(↑25.1%)、磷酸酶(↑13.1%)和过氧化氢酶(↑14.0%)，为土壤提供更多的无机氮和磷，并减少活性氧对菜心的危害。综上所述，结果表明木霉生物肥料增强了营养吸收和环境胁迫耐受性，进一步提高了菜心的品质和产量。
P08635,Analysis of Obstacle Factors of Urban Green Space Soil in Chongqing,重庆城市绿地土壤障碍因子分析,为了探究导致重庆城市绿地土壤退化的障碍因子，对重庆城市绿地土壤展开了调查研究。通过对2006－2019年重庆城市绿地土壤各指标合格率和重庆城市园林植物生长习性以及2006－2019年重庆城市绿地土壤特性的分析，结果表明：有机质和容重指标的合格率分别为35.9%和41.9%，远低于其他指标；重庆城市园林植物土壤的最佳酸碱度生长条件是中性或弱酸性，重庆城市绿地有72.9%的土壤pH值为碱性或强碱性。通过分析，可以确定pH值、有机质和容重3个指标为影响重庆城市绿地土壤质量的障碍因子。本研究为城市园林绿地土壤的管理养护以及解决因园林绿地土壤质量下降导致的植物不能正常生长的问题提供了基础的理论和技术支撑。
P08712,An advanced soil organic carbon content prediction model via fused temporal-spatial-spectral (TSS) information based on machine learning and deep learning algorithms,基于机器学习和深度学习的融合时空光谱(TSS)信息的先进土壤有机碳含量预测模型,土壤有机碳(SOC)含量的认识对于环境可持续性和碳中和至关重要。随着遥感数据和预测模型的发展，基于融合方法综合利用多源遥感数据并测试其在SOC含量预测中的有效性是一个有趣且具有挑战性的课题。然而，目前尚无证据表明不同数据源在SOC含量预测过程中的作用。本研究在地点1共采集了796个表层土壤样品(0-20 cm)，在地点2采集了111个样品。地点2的样品用于验证在地点1建立的预测模型的迁移性。基于区域能量权重的离散小波变换(RW-DWT)和光谱波段分割方法被用于融合2009年至2019年10景Landsat多光谱图像数据的时间信息、地形数据的空间信息和高分-5高光谱图像的光谱信息。然后，利用偏最小二乘回归(PLSR)、随机森林(RF)和卷积神经网络(CNN)算法，通过时空光谱(TSS)信息建立了SOC含量预测模型。结果表明，最优SOC含量预测模型由TSS信息作为输入和CNN作为预测模型组成，其中最低均方根误差(RMSE)为2.49 g kg-1，最高决定系数(R2)为0.86，性能与四分位距之比(RPIQ)为1.91。此外，CNN模型的预测精度无论使用哪组输入变量都高于PLSR和RF。C
P08763,"Review of soil heavy metal pollution in China: Spatial distribution, primary sources, and remediation alternatives",中国土壤重金属污染综述：空间分布、主要来源及修复替代方案,随着经济的发展，土壤重金属污染日益严重，导致土壤资源退化和生态系统恶化。在本研究中，我们展示了污染过度的地点，并分析了受重金属污染的省份，以及广西、福建、辽宁和云南省（这些省份包含城市层面的热点）的重金属污染状况和主要因素。结果表明，中国重金属浓度从北到南增加。土壤重金属污染在中国东北地区很典型；此外，它在中国南方也很普遍，重金属在华中、西南和华南超过标准水平。热图显示，矿物开采和工业生产是污染最严重省份的主要原因，而在农业地区，污水灌溉或不合理施肥是原因所在。人口稠密省份的城市发展已成为第三大因素。此外，交通和家庭垃圾是潜在的驱动因素。网络分析表明，联合修复方法被广泛应用以提高修复效率。其中，物理-化学技术、化学-生物技术和物理-生物技术在上述四个省份分别占27.1%、18.9%和10.7%。特别是，由于环境友好，植物修复和微生物修复技术的结合是未来的主要研究方向。简而言之，我们的研究为中国土壤重金属污染提供了准确的空间信息、主要来源和适当的修复替代方案，有利于土壤资源保护和土地利用。
P08764,"Review of soil heavy metal pollution in China: Spatial distribution, primary sources, and remediation alternatives",中国土壤重金属污染综述：空间分布、主要来源及修复替代方案,随着经济的发展，土壤重金属污染日益严重，导致土壤资源退化和生态系统恶化。本研究展示了过量污染物的位置，并分析了重金属污染省份的状况，以及广西、福建、辽宁和云南省份（包含城市层面的热点）重金属污染的主要因素。结果表明，中国重金属浓度从北向南增加。东北地区的土壤重金属污染具有典型性；同时，南方地区污染广泛，华中、西南和华南地区的重金属超过标准水平。热图显示，矿产开采和工业生产是污染最严重省份的主要原因，而污水灌溉或不合理施肥是农业地区的原因。人口稠密省份的城市发展已成为第三大因素。此外，交通和生活垃圾是潜在驱动因素。网络分析表明，联合修复方法被广泛应用以提高修复效率。其中，理化技术、化学生物技术和物理生物技术在上述四个省份分别占27.1%、18.9%和10.7%。特别是，植物修复和微生物修复技术的结合因其环境友好性，是未来的主要研究方向。简而言之，我们的研究为中国土壤重金属污染提供了准确的空间信息、主要来源和适当的修复替代方案，有利于土壤资源保护和土地利用。
P08776,Soil total and organic carbon mapping and uncertainty analysis using machine learning techniques,基于机器学习技术的土壤全碳和有机碳制图及不确定性分析,土壤碳是最大的陆地碳库。在全球变暖条件下，可靠绘制土壤有机碳（SOC）和土壤全碳（STC）含量图对于农业生态系统管理和碳核算至关重要。本研究旨在通过精细尺度进行SOC和STC的空间分布预测和不确定性制图，并量化影响SOC和STC变异性的环境变量的贡献。研究利用4345个农业表层土壤样本和16个环境协变量开发了三种机器学习模型：随机森林（RF）、极限梯度提升（XGBoost）和随机森林残差克里金（RFRK）。使用平均绝对误差（MAE）、均方根误差（RMSE）、纳什-斯utcliffe效率系数（NSE）和林氏一致性相关系数（LCCC）来评估预测的全局精度。使用精度图量化SOC和STC预测的不确定性（即局部精度）。RFRK表现最好，对于SOC，其MAE、RMSE、NSE和LCCC分别为20.76%、27.61%、0.39和0.56；对于STC，分别为27.20%、38.59%、0.35和0.53。在NSE方面，RF优于XGBoost（SOC为0.33 vs 0.29，STC为0.36 vs 0.32）。精度图显示，在量化SOC和STC的预测不确定性方面，RFRK产生的局部精度高于RF。XGB
P09543,Cascade effects of plant diversity on soil multifunctionality in antimony-arsenic contaminated sites: The pivotal role of microbial network complexity,植物多样性对锑砷污染地土壤多功能性的级联效应：微生物网络复杂性的关键作用,尽管土壤微生物被认为对维持生态系统功能至关重要，但在金属矿区植被恢复过程中，细菌和真菌演替对功能的具体贡献仍知之甚少。先前的研究主要强调单变量多样性，往往忽视了生态系统过程是由微生物类群间的复杂相互作用驱动的。在此，我们在锑-砷污染地建立了不同组成的本地植物群落（草本单作、草本混作、灌木-草本混作和乔-灌-草混作），以人工模拟演替阶段，并评估了两个深度（0-10厘米和10-30厘米）下土壤多功能性、微生物多样性和网络复杂性的关系。这些功能包括与养分状况、碳-氮-磷循环和土壤结构稳定性相关的17个变量。结果显示，增加植物多样性提高了植被生产力，加速了植物修复效率，并改善了土壤多功能性，且这些积极效应在不同深度保持一致。细菌α多样性以及细菌-真菌网络拓扑和复杂性随植物多样性增加而增加，而真菌群落表现出较慢的演替和更稳定的组成。土壤多功能性与细菌多样性和网络复杂性均呈正相关，但网络复杂性具有更多的正相关关系且解释了更多的方差。在考虑了植物多样性、土壤深度和跨界微生物多样性等混杂驱动因素后，这些关系仍然稳健。这种持续性揭示了网络复杂性在维持土壤多功能性方面的关键作用，细菌多样性通过网络相互作用
P09650,Risk Analysis of Heavy Metal Contamination in Farmland Soil Around a Bauxite Residue Disposal Area in Guangxi,广西某赤泥堆场周边土壤重金属污染风险,
P09664,Source Apportionment of Heavy Metals in Farmland Soils Around Mining Area Based on UNMIX Model,基于 UNMIX 模型的矿区周边农田土壤重金属源解析,采集了云南省会泽县铅锌矿区周边42个农田土壤样品，测定了14种元素的含量，应用UNMIX模型进行了土壤重金属源解析的研究，并利用ArcGIS地统计分析模块中的反距离加权插值法分析了污染严重的6种重金属的空间分布，进一步验证源解析结果。结果表明：①研究区土壤中Pb、Zn、Cd污染较为严重，均超过当地土壤背景值的数十倍；②UNMIX模型解析出的3个土壤重金属污染来源分别为工业活动造成的人为污染源(源1)，源贡献率为16.32%；燃煤和施肥导致的污染源(源2)，源贡献率为68.26%；矿山开采导致的人为污染源及土壤母质造成的自然污染源的综合污染源(源3)，源贡献率为15.42%；③研究区的农田土壤重金属污染的空间分布格局与当地的土地利用类型和UNMIX模型解析的结果基本吻合，说明UNMIX模型可以很好地应用于矿区周边农田土壤重金属源解析研究。
P09708,Risk assessment and prediction for toxic heavy metals in chestnut and growth soil from China,中国板栗及其生长土壤中有毒重金属的风险评估与预测,
P10722,Report on the National Soil Pollution Survey,全国土壤污染状况调查公报,根据国务院决定，2005年4月至2013年12月，我国开展了首次全国土壤污染状况调查。调查范围为中华人民共和国境内（未含香港特别行政区、澳门特别行政区和台湾地区）的陆地国土。全国土壤环境状况总体不容乐观，部分地区土壤污染较重，耕地土壤环境质量堪忧，工矿业废弃地土壤环境问题突出。全国土壤总的超标率为16.1%，其中轻微、轻度、中度和重度污染点位比例分别为11.2%、2.3%、1.5%和1.1%。污染类型以无机型为主，有机型次之，复合型污染比重较小。
P10993,Feasible and effective reuse of municipal sludge for vegetation restoration: physiochemical characteristics and microbial diversity,市政污泥植被修复利用的可行性与有效性：理化特性与微生物多样性,大量市政污泥给全球城市带来了环境问题。本研究将市政污泥与建筑垃圾残渣混合作为基质种植臭椿。测量了臭椿的生长、基质特性和基质微生物多样性，以探索市政污泥回收利用的潜在途径。结果显示，与园土相比，混合基质呈弱碱性，且养分含量较高，这有利于臭椿的生长，使其在混合基质中生长更好。虽然混合基质中主要重金属含量显著高于园土，但符合中国土壤环境质量标准（GB15618-1995）的二级标准。不同基质显示出多样的微生物多样性。变形菌门在所有样本中都是最优势的微生物门，在含有市政污泥的样本中相对丰度更高。种植臭椿后，混合基质中酸杆菌门和芽单胞菌门的相对丰度增加。因此，建筑垃圾残渣的添加和臭椿的生长导致了差异。种植臭椿的混合基质中的微生物群落既对植物友好又对环境友好。这些结果表明，这种混合基质是市政污泥植被恢复再利用和循环的一条潜在可行且有效的途径。
P11034,"Heavy metals in agricultural soils from a typical township in Guangdong Province, China: Occurrences and spatial distribution",广东省典型乡镇农业土壤中的重金属： occurrence及空间分布,"为研究中国珠三角典型产业转移承接区高岗镇农业土壤中重金属（Cu, Pb, Zn, Hg, Ni, Cd, As, 和 Cr）的污染水平、来源及空间分布特征，于2016年8月共采集162个表层土壤样品，并使用电感耦合等离子体质谱仪、电感耦合等离子体发射光谱仪和原子荧光光谱仪进行测定。此外，通过污染指数、富集因子、多元统计方法和地统计学分析系统分析了重金属含量。结果表明，Cd, Pb, Zn, Ni, Cu 和 Hg 的平均浓度高于广东省土壤背景值，且污染指数和富集因子的相对高值表明这些元素（Cd, Pb, Zn 和 Hg）在土壤中具有累积趋势。多元统计方法和地统计学分析的所有结果显示，污染严重分布在工业区、河流和密集道路网区域。高岗镇农业土壤中的八种重金属来自三个不同的来源。砷、铬、铜和镍主要来源于母质。农业活动和交通活动是镉、铅和锌的主要来源。汞主要来源于工业活动。"
P11036,How Serratia marcescens HB-4 absorbs cadmium and its implication on phytoremediation,粘质沙雷氏菌 HB-4 吸附镉的机制及其在植物修复中的意义,从中国湖南省重金属污染土壤中分离出一株具有高镉吸附能力的新型粘质沙雷氏菌 HB-4。当进水 Cd 浓度不高于 5.0 mg/L 时，S. marcescens HB-4 可将废水中的 Cd 浓度降低至 0.1 mg/L 以下，处理后达到中国《污水综合排放标准》(GB8978-1996)。自然死亡的 S. marcescens HB-4 仍保持超过 80% 的 Cd 吸附能力。扫描电镜 (SEM)、透射电镜 (TEM) 和能谱 (EDS) 结果表明，Cd 吸附机制可解释为胞外吸附、周质积累和胞内吸收的协同作用。积累的 Cd 颗粒为纳米级，可用 EDTA 洗脱而不破坏细胞完整性。SDS-聚丙烯酰胺凝胶电泳实验显示，重金属结合蛋白（特别是铁结合蛋白）、转运蛋白、氨基酸和组氨酸周质结合蛋白以及氧化还原酶负责 Cd 的去除。S. marcescens HB-4 与蕺菜联合修复 Cd 污染土壤的盆栽实验表明，蕺菜地上和地下部分的镉含量分别增加了 34.48% 和 59.13% (w/w)。与未结合 S. marcescens HB-4 的对照组相比，蕺菜的镉积累量增加了 44.27%。这项工作证明
P11068,Minimum data set for evaluation of stand density effects on soil quality in Larix principis-rupprechtii plantations in North China,评估华北落叶松人工林林分密度对土壤质量影响的最小数据集,
P11069,Correction of in-situ portable X-ray fluorescence (PXRF) data of soil heavy metal for enhancing spatial prediction,土壤重金属原位便携式X射线荧光光谱数据校正以增强空间预测,便携式X射线荧光光谱仪（PXRF）测量的重金属数据（特别是原位PXRF数据）通常受到土壤水分（SM）、土壤有机质（SOM）和土壤粒径（SPZ）等多种土壤因素的影响。因此，可能需要进行校正。然而，传统的校正方法（如非空间线性回归LR）无法有效校正相关土壤因素对PXRF分析的空间非平稳影响，且对离群值不稳健。本研究在中国武汉市城郊农业区，利用稳健地理加权回归（RGWR）对土壤铅（Pb）的原位和异位PXRF数据进行校正，并将RGWR校正后的PXRF数据精度与LR和GWR等方法进行了比较。此外，为了找到利用校正后的PXRF数据进行更准确空间预测的合适方法，比较了将校正后的PXRF数据作为硬数据一部分的稳健普通克里金（ROK-CPXRF）和将其作为辅助软数据的稳健普通协同克里金（RCoK-CPXRF）。结果表明：（i）在原位和异位PXRF数据上，RGWR的校正精度均高于LR和GWR；（ii）RGWR校正后的原位PXRF数据精度提升至接近RGWR校正后的异位PXRF数据精度；（iii）在样本量相同的情况下，ROK-CPXRF的预测精度高于RCoK-CPXRF。结论认为，本研究提出的方法可极大地促进
P11085,Delineation of soil contaminant plumes at a co-contaminated site using BP neural networks and geostatistics,基于BP神经网络和地统计学的复合污染场地土壤污染羽刻画,
P11112,"Heavy metal pollution and comprehensive ecological risk assessment of surface soil in different functional areas of Shenzhen, China",深圳市不同功能区土壤表层重金属污染及其综合生态风险评价,在综合考虑深圳市城市功能区分异特征的基础上，进行全市表层土壤系统采样，全面监测土壤表层8种重金属元素污染状况... 结果表明: 1) Mn、Ni、Cr和Pb受人为活动影响较低，Cd、Zn、Cu和As受人为活动影响较大... 2) 深圳市土壤重金属污染风险较高的元素为Cd、Zn、Cu和Pb... 3) 内梅罗指数法和潜在生态危害指数法的侧重点不同...
P00035,"Nature Portfolio Reporting Summary: Soil viral composition and spatial distribution across five land use types in Xiamen, China",Nature Portfolio报告摘要：中国厦门五种土地利用类型下的土壤病毒组成与空间分布,
P00685,"Ecological and human health risk assessments in the context of soil heavy metal pollution in a typical industrial area of Shanghai, China",上海典型工业区土壤重金属污染背景下的生态与人体健康风险评估,本研究旨在识别中国上海典型工业区土壤中重金属的浓度、来源及潜在的生态与健康风险。研究于2016年6月和7月从宝钢工业区采集了28个表层土壤样品，并分析了砷、镉、铬、铜、铅、镍、锌和汞的含量。利用经典多元统计和地质统计分析方法检测重金属来源，并计算生态风险指数（RI）和危害指数（HI）以评估潜在的生态和健康风险。结果显示显著的污染水平，源于工业生产过程，与工业区功能区的空间布局密切相关。生态风险评估表明，浓度范围为2045至3417 mg kg−1的极高浓度区构成了300至600范围内的相当大的生态风险。影响生态风险的主要因素是毒性而非浓度。健康风险评估表明，非致癌风险主要由铬引起，成人平均HI值为6.48，儿童为39.01。因此，儿童面临更高的土壤重金属威胁。镍、铬、镉和砷的平均致癌风险值分别为7.97E-09、5.2E-07、2.1E-10和2.1E-09，均低于阈值（1.0E − 04）。这些结果为钢铁工业区重金属污染的控制和环境管理提供了基础信息。
P00687,Analysis of soil risk characteristics by comprehensive assessment in an industrial area of China,中国某工业区土壤风险特性的综合评估分析,工业区土壤污染对中国环境保护构成了重大挑战。本研究开发了一种针对工业区土壤风险的综合评估方法。综合评估涵盖了土壤污染的生态和人体健康风险，以及不同类型风险受体的脆弱性。综合生态风险评估整合了潜在生态风险评估和景观脆弱性评估。综合社会风险评估通过引入人口空间分布细化了人体健康风险评估。研究以中国某典型工业区为对象，展示了土壤综合风险的定量化与空间评估。结果表明，土壤综合生态风险和社会风险的空间分布存在差异。研究区域内，土壤综合生态风险的高风险区主要集中在农田和自然保护区。居住区和工业区受土壤综合生态风险的影响较小。相比之下，土壤综合社会风险的空间分布与人类活动表现出明显的趋同趋势。风险受体的脆弱性评估为土壤污染风险评估提供了适宜的补充。
P00690,"Concentrations and health risks of heavy metals in soils and crops around the Pingle manganese (Mn) mine area in Guangxi Province, China",广西平乐锰矿区周边土壤和作物中重金属的浓度及健康风险,农田中的重金属浓度及其生态风险是全球广泛关注的问题。为了调查中国广西平乐锰矿区（已废弃20年）周边农田中重金属（Mn、Pb、Zn、Cu和Cd）的现状及对作物（玉米、青豆、红薯、柿子、木薯和板栗）的健康风险，进行了实地调查。结果显示，Mn、Pb、Zn、Cu和Cd的浓度范围分别为2706.54–6760.16、229.37–275.84、160.39–215.48、58.11–75.30和5.78–6.98 mg kg-1，分别是其背景值的15.38–38.41、11.76–14.15、2.12–2.85、2.09–2.71和21.64–28.75倍。这些浓度大多超过了中国环保部制定的土壤环境质量标准（二级）。基于单因子污染指数、尼梅罗综合污染指数和潜在生态风险指数的污染评估表明，采样土壤受到这些重金属的严重污染，尤其是Pb和Cd。同样，作物中富含Pb和Cd，浓度分别为10.22–41.78和2.33–5.37 mg kg-1，远高于国家食品标准的限值。作物中的Cd的生物富集因子值在重金属中最高，六种作物的平均值为0.66，表明Cd容易在这些作物中积累。评估显示，生活在受矿区影响的成年人的
P01122,Combining emission inventory and isotope ratio analyses for quantitative source apportionment of heavy metals in agricultural soil,结合排放清单和同位素比率分析对农田土壤重金属进行定量源解析,结合了两种定量方法（排放清单和同位素比率分析），对中国太湖地区李河流域农田土壤中重金属的来源贡献进行解析。基于排放清单方法的源解析表明，对于镉、铬、铜、铅和锌，大气沉降的平均输入百分比最高（62-85%），其次是灌溉（12-27%）和施肥（1-14%）。因此，这些重金属主要来源于工业活动和交通排放。对于镍，灌溉和施肥的合并输入百分比比大气沉降高约20%，表明镍主要来源于农业活动。基于同位素比率分析，大气沉降占进入土壤的铅的57-93%，平均值为69.3%，表明这是研究区内铅进入土壤的主要来源。灌溉和施肥对土壤铅污染的平均贡献范围在0%到10%之间，表明它们的作用微乎其微。总体而言，使用这两种方法获得的结果相似。这项研究为研究区农田土壤中重金属的源解析提供了一种可靠的方法，显然具有在未来其他地区应用的潜力。
P01931,"Distributions and risks of Cu, Cd, Pb and Zn in soils and rice in the North River Basin, South China",中国南方北江流域土壤和水稻中铜、镉、铅和锌的分布与风险,作为中国最大的工业和人口中心，珠江三角洲正面临来自当地采矿和电力行业的重金属污染威胁日益严重。本研究调查了四个典型点水稻土壤和水稻中铜、镉、铅 和锌 的分布及潜在健康风险。佛冈、大宝山、韶关和乐昌土壤的内梅罗综合污染指数 (PN) 分别为 8.40、9.10、4.64 和 10.28，表明所有四个采样点均存在严重污染。大米中 Cu、Cd、Pb 和 Zn 的平均浓度分别为其最大允许水平的 2.23、10.98、29.84 和 1.62 倍，表明对人类有潜在的健康风险。由于 Cd 从土壤到根部的迁移率很高，并且随后转移到谷粒，因此具有较高的生物有效性。Pb 由于从根部到谷粒的转运率较低，主要积累在根部。成人和儿童的 Cd 和 Pb 的最大健康风险指数出现在韶关点，可能是由于大气沉降造成的污染。在几乎所有位点，Cd 和 Pb 的健康风险指数均高于 Cu 和 Zn，表明对当地人群构成重大健康风险。
P02103,Assessment of soil heavy metals for eco-environment and human health in a rapidly urbanization area of the upper Yangtze Basin,长江上游快速城市化地区土壤重金属的生态环境与人体健康风险评估,
P02110,Analysis of influencing factors on soil Zn content using generalized additive model,基于广义加性模型的土壤锌含量影响因素分析,
P02112,China’s most typical nonferrous organic-metal facilities own specific microbial communities,中国最典型的有色金属有机金属设施拥有特定的微生物群落,有色金属开采设施（NMMFs）是世界上最大的且潜在毒性最大的共存金属（类）和浮选药剂（FRs）来源，其微生物的多样性和功能尚未得到探索。本研究首次调查了中国广西两种类型（活跃和废弃）NMMFs中栖息的不同细菌群落的多样性和推断功能。结果表明，细菌的结构和多样性与矿山类型、金属（类）和FRs浓度相关；与pH、Cu、Pb和Mn的组合相关性最好。联合微生物群落可能在NMMFs微生物生活中起着关键作用。活跃矿山特有的Arenimonas是一种嗜酸菌，具有应对极端条件的功能，而废弃矿山特有的Latescibacteria可以降解有机物。这种细菌联合体为开发目前难以生物修复的共污染场所的成本有效的修复策略提供了新的见解。
P02813,Remediation of sandy soil contaminated by heavy metals with Na2EDTA washing enhanced with organic reducing agents: element distribution and spectroscopic analysis,有机还原剂增强Na2EDTA淋洗修复重金属污染砂质土壤：元素分布与光谱分析,
P03033,Distribution characteristics of cadmium and lead in particle size fractions of farmland soils in a lead-zinc mine area in Southwest China,中国西南某铅锌矿区农田土壤不同粒径组分中镉和铅的分布特征,镉和铅是铅锌矿区的主要污染元素。以往有研究关注会泽铅锌矿区的重金属污染及风险评估。本研究分析了会泽铅锌矿区0-60 cm深度的土壤团聚体组成、化学性质、镉和铅的含量及化学形态。在铅锌矿周边采集了0-20、20-40和40-60 cm深度的农业土壤样品。粒径组分通过大团聚体（0.25-2 mm）、微团聚体（0.053-0.25 mm）、粉粒（0.002-0.053 mm）和胶体（<0.002 mm）的团聚体组成来确定。结果显示：大团聚体占比最大（52.4%），胶体占比最小（1.8%）。随着粒径减小，土壤团聚体中的pH、有机质含量、阳离子交换量和游离氧化铁增加。虽然胶体中总镉、总铅和有效态含量最高，但大团聚体对土壤总镉（48.18%）、总铅（53.48%）和有效态铅（47.42%）含量的贡献最大，而胶体对有效态镉（47.21%）的贡献最大。镉和铅主要以残渣态存在，其次是铁锰氧化物态和可交换态。胶体中镉和铅的残渣态和可交换态具有较高的分布因子（DF > 33）。此外，镉和铅的形态与pH和磷含量密切相关，可交换态铅含量与有机质含量、阳离子交换量和游离氧化铁含量密切相关。结论：镉和铅主要存在于微
P03091,Spatial interpolation model of soil organic carbon density considering land-use and spatial heterogeneity,综合土地利用及空间异质性的土壤有机碳空间插值模型,土壤有机碳密度( SOCD) 是土壤碳储量的重要参数，也是评价农田土壤质量的重要指标，准确预测区域 SOCD 空间分布对发展精确农业有重要意义。本文使用江汉平原地区242 个农田土壤样本数据，探究平原地区土地利用类型对 SOCD 空间分布的影响，以及当 SOCD 空间分布规律呈现空间异质性且存在空间异常值的情况下，虚拟变量回归克里格法( DV_RK) 、均值中心化克里格法( MC_OK1) 和中位数中心化克里格法( MC_OK2) 这3 种结合土地利用的克里格法在 SOCD 空间预测中的应用。
P03255,Pollution Assessment of Heavy Metals in Soils and Plants around a Molybdenum Mine in Central China,中国中部某钼矿周边土壤及植物重金属污染评价,尽管金属采矿造成的环境问题日益突出，但伴生重金属的污染往往容易被忽视。通常，钼矿品位较低，因此高含量的伴生重金属容易对周边地区造成污染。本文研究了废弃钼尾矿库周边不同土地利用类型（裸地、麦地、油菜地和苹果苗圃地）土壤和不同植物（栽培作物和野生艾蒿）中Mo及其伴生Cu、Cd、Pb和Zn的总量及形态。结果表明，该区域农田大块土壤中Cu和Zn的平均总浓度超过了中国《土壤环境质量标准》的二级标准，Cd和Pb的平均浓度超过了三级标准，Mo的平均浓度超过了陕西省的土壤背景值。艾蒿和幼苗根际土壤中有效重金属的百分比显著高于作物根际土壤。本研究测试的植物中，重金属主要积累在根部。艾蒿中Cu、Cd和Pb的浓度超过了普通植物中这些金属的限值。根据中国食品污染物标准限值，裸地边缘玉米的Cd和Pb污染指数分别为3.12和2.48，油菜的Pb污染指数为3.42。基于三级标准的土壤污染评价显示，裸地和麦田污染严重，油菜地和苗圃地中度污染。本研究表明，与钼矿相关的重金属已污染了周边的土壤和植物，其中裸地的污染最为严重。
P03522,Reducing Arsenic Concentration in Panax notoginseng via Contaminant Immobilization in Soil Using Fe–Ce Oxide,利用铁-铈氧化物固定土壤污染物以降低三七中的砷浓度,三七是一种名贵的中药材，目前正因土壤污染面临砷污染的问题。我们之前的研究表明，Fe(0)和沸石对三七中砷的积累有一定的抑制作用。为了进一步降低植物中砷的积累，本研究测试了一种具有高砷吸附能力的合成铁材料（铁-铧氧化物[FC]）用于砷修复。在研究中，将FC施用于砷污染土壤后，在其中种植三七。评估了处理土壤的砷淋失行为和三七中砷的积累。结果表明，在高砷浓度的土壤中，FC比Fe(0)和沸石更有效地固定了砷。当FC施用量为0.5 %(w/w)时，三七根（主要药用部分）的砷浓度降低了56%，根生物量增加了55%。结果表明，FC可将非特异性吸附砷组分(F1)和特异性吸附砷组分(F2)分别降低22-31%和5-17%，从而将毒性特征淋洗程序可淋洗砷浓度降低41-67%。本研究首次报道了植物根表面的铁膜形成及其作为屏障阻碍三七吸收砷的功能。铁膜的出现使周皮和木质部-韧皮部中的砷浓度分别降低了66-80%和43-70%。我们的发现将有助于在三七种植区开发砷污染控制技术，并为基于FC的砷固定技术奠定基础。
P03637,Risk Assessment of Heavy Metal Distribution in Soil of a Typical Tourist Island in South China,华南典型旅游岛土壤重金属分布风险评价,本研究测量了三脚洲岛20个表层土壤样品中七种重金属（Hg、Cd、Pb、Cu、As、Cr和Zn）的浓度，以揭示长期人类活动后无人岛土壤重金属的分布，并分析其相关的生态风险。测量结果显示，Zn浓度最高（88.07 mg/kg），其次是Pb、Cr、Cu、As、Hg和Cd。此外，Pb（73.86 mg/kg）和Hg（0.17 mg/kg）的平均浓度分别超过背景值1.23倍和1.31倍。基于污染因子指数和地累积指数的分析表明，大部分污染程度较低，但Hg和Pb较高。土壤重金属的潜在生态风险指数（RI）平均值为80.95，表明潜在生态风险相对较低。就单项金属生态指数而言，Hg最高，其次是Cd、Pb、Cu、As、Cr和Zn。Hg的平均Ei值为52.31，表明其对环境构成中等风险。基于金属分布，生活污水排放和农业投入很可能是该岛金属污染的主要来源。
P03638,Risk Assessment Method of Heavy Metal Pollution in Agricultural Soil,农业土壤重金属污染风险评估方法,农业土壤重金属污染具有区域性和长期性特征。科学合理的污染评估是环境污染风险控制和后续修复策略的前提。本文列出了常用污染风险评估方法的优缺点，并提出了推荐的方法和建议。
P03663,"Heavy Metal Pollution and Ecological Risk Assessment of Farmland Soil, Jilin Province",吉林省农田土壤重金属污染状况及潜在生态风险评价,采集吉林省农田土壤样品 122 个，采用污染指数法和潜在生态危害指数法分析吉林省农田土壤中 6 种重金属污染状况。结果表明：吉林省农田土壤重金属污染具有低生态危害，根据内梅罗综合污染指数结果显示，有 1.64%、8.20%和 34.43%土壤样品分别处于重度污染、中度污染和轻度污染水平；样品中 Zn、Cu、Hg 和 As 基本无污染；土壤样品有 13.93%出现 Cd超过国家土壤二级质量标准，平均超标 1.65 倍，主要集中吉林省南部通化集安一带，Cd 生态危害指数处于较重污染和中度污染的样品比例分别为 3.28%和 9.84%。
P05136,Remediation of Heavy Metal-Contaminated Soils by Phosphate Fertilizers,磷肥修复重金属污染土壤,
P05137,Transmembrane Transport Theory and Synergistic Remediation Technology for the Bioremediation of Oil-Polluted Soil,石油污染土壤生物修复的跨膜转运理论与协同修复技术,
P05328,Nickel contamination of laterite soil by hydraulic fracturing flowback water: geochemical behaviour and policy implications,水力压裂返排水对红壤镍污染：地球化学行为及政策启示,意外泄漏的返排水可能导致严重的土壤污染。镍（Ni）是返排水中常见的重金属成分之一。然而，Ni在白云石衍生的红壤返排水中的行为和机理尚不明确。本研究选取了中国寒武纪白云石地层的红壤，利用柱实验和合成返排水研究了Ni的迁移。结果表明，Ni的行为受离子强度和土壤碳酸盐含量的影响。在低白云石含量的红壤中，随着溶液pH降低和离子强度增加，土壤表面正电荷增加，氯络合和竞争吸附反应增强，最终促进了Ni的迁移。含3%白云石土壤的Ni回收率从10%增加到61%。在高白云石含量的红壤中，Ni-Ca碳酸复盐和Ni-Al层状双氢氧化物的形成严重抑制了Ni的迁移，最大回收率为13%。包含线性平衡、非线性动力学和不可逆动力学机制的多反应传输模型有效地描述了两个红壤柱的穿透曲线，并捕捉了溶液组成对Ni迁移的影响。这些结果有助于理解和预测意外泄漏到周围红壤区的返排水中Ni的命运，并为页岩气开发下的土壤污染管理政策提供参考。
P05434,Predicting Spatial Variations in Soil Nutrients with Hyperspectral Remote Sensing at Regional Scale,区域尺度高光谱遥感预测土壤养分空间变异,"快速获取土壤养分的空间分布对农田土壤生产力安全、粮食安全和农业管理具有重要意义。为此，我们在位于中国珠江三角洲北部的增城市采集了1297个土壤样品，并测量了土壤全氮（TN）、有效磷（AP）和有效钾（AK）的含量。利用中国环境一号卫星的高光谱遥感图像（115个波段）作为辅助变量，并使用皮尔逊相关分析和主成分分析进行降维。基于降维后的辅助变量，结合逐步线性回归（SLR）、支持向量机（SVM）、随机森林（RF）和反向传播神经网络（BPNN）模型对研究区的土壤TN、AP和AK进行预测；324个独立点用于验证预测性能。BPNN模型在所有方法中表现出最好的预测精度，结合普通克里金法（OK）绘制了土壤养分的空间变异图。结果表明，与SLR、SVM和RF模型相比，具有双隐层的BPNN模型对土壤TN（RMSE = 0.409 mg kg-1, R2 = 44.24%）、土壤AP（RMSE = 40.808 mg kg-1, R2 = 42.91%）和土壤AK（RMSE = 67.464 mg kg-1, R2 = 48.53%）具有更好的预测精度。反向传播神经网络-普通克里金（BPNNOK）模型显示出最好"
P05442,"Impact of Long-Term Reclaimed Water Irrigation on Trace Elements Contents in Agricultural Soils in Beijing, China",长期再生水灌溉对北京农田土壤痕量元素含量的影响,农业土壤再生水灌溉的迅速增加要求调查其对土壤健康的影响。本研究在中国北京东南郊区进行了不同长期再生水灌溉时间（分别为98年、196年和236年）的模拟实验。以未灌溉土壤为对照。分析了0-600 cm剖面不同深度的7种痕量元素（As、Cd、Cr、Cu、Hg、Pb和Zn）的环境行为。结果表明，在长期再生水灌溉下，0-30和200-300 cm土层更容易积累痕量元素，尽管在0-600 cm剖面上的积累并不特别明显。相关分析表明，痕量元素的浓度和分布与粘粒组分和有机质（OM）显著相关，而与氧化还原电位（Eh）无关。潜在生态风险评价表明，长期再生水灌溉并未导致生态风险显著增加。然而，Cd和Hg被确定为研究区潜在生态风险最高的金属，应仔细监测表层0-30 cm土壤中的痕量元素含量。未来需要阐明长期再生水灌溉下痕量元素的环境风险，因为它们可能会在土壤中随时间缓慢积累。
P05704,Long-term and high-concentration heavy-metal contamination strongly influences the microbiome and functional genes in Yellow River sediments,长期高浓度重金属污染强烈影响黄河沉积物的微生物组和功能基因,全世界正面临土壤重金属污染的严峻挑战。该研究利用宏基因组测序、16S rRNA测序和定量PCR（qPCR）技术，在自然条件下检查了受污染沉积物中微生物的适应机制。结果表明，作为黄河支流的东大河（DDG）沉积物支持的细菌生物量较少，且丰富度低于位于黄河上游未受污染的玛曲（MQ）地区沉积物。此外，两个地点的微生物结构存在差异。宏基因组测序和功能基因注释显示，DDG沉积物含有更多与DNA重组、DNA损伤修复和重金属抗性相关的基因。KEGG通路分析表明，DDG沉积物含有更多与重金属抗性和还原相关的酶。此外，变形菌门、拟杆菌门和厚壁菌门这些拥有大量金属抗性基因的细菌门，被发现在受污染沉积物中是核心功能门。并且，DDG沉积物具有更高的病毒丰度，表明病毒介导的重金属抗性基因转移可能是一种适应机制。综上所述，DDG沉积物的微生物组已进化成一个抗长期重金属污染的整合系统。
P06473,"Bioavailability and soil-to-crop transfer of heavy metals in farmland soils: A case study in the Pearl River Delta, South China",农田土壤中重金属的生物有效性及土壤-作物转移：中国南方珠三角案例研究,土壤中的重金属通过食物链转移对人体健康构成巨大威胁。本研究基于中国南方四会和顺德两个农业区的数据，调查了农田土壤中重金属的发生、生物有效性及土壤-作物转移。对农田土壤中的六种重金属（砷、铜、汞、锰、镍和铅）进行了定量分析。除顺德土壤中的汞外，所有重金属的平均单项污染指数（PI）均低于 1（PI 1.51 ± 0.46），表明农田土壤处于清洁或轻微污染状态。砷、铜、镍和铅主要以非生物有效形态存在。大部分汞被认为是潜在生物可利用的，而锰则被发现具有较大的生物有效性。土壤 pH 是影响土壤结合重金属生物有效性的重要因素。四会和顺德蔬菜中的重金属浓度在食品卫生标准范围内，而四会的大米受到了铅的污染（PI 10.3 ± 23.4）。土壤重金属总浓度与其相应的作物浓度不相关，而在土壤生物有效浓度之间观察到显著的相关性。结果支持了这样一种观点，即土壤中受测重金属的生物有效性在很大程度上对其作物吸收负责。基于生物有效浓度的土壤-作物转移因子表明，研究区土壤中的铜、砷和汞比其他重金属更容易在蔬菜中积累，需要通过食用受污染作物进一步进行人体健康评估。
P06992,"Source identification of potentially hazardous elements and their relationships with soil properties in agricultural soil of the Pinggu district of Beijing, China: Multivariate statistical analysis and redundancy analysis",北京平谷区农业土壤中潜在有害元素的来源识别及其与土壤性质的关系：多元统计分析和冗余分析,从北京平谷区采集了370份农业土壤样品，以区分潜在有害元素的自然和人为来源，并研究PHEs与土壤性质之间的关系。检测了土壤中潜在有害元素的浓度，其中位数值（mg/kg）依次为：V (81.4) > Zn (75.5) > Cr (68.4) > Ni (27.7) > Cu (27.1) > Co (12.6) > Cd (0.240) > Hg (0.096)。应用多元统计方法进行源解析。确定Co、Ni、Cr和V主要来源于土壤母质，而Cd、Cu、Zn和Hg主要来自农业耕作。空间变异方法证实了这些结果。此外，冗余分析线性模型的结果表明，Co、Ni、Cr和V与Fe2O3和Al2O3密切相关，而Cd、Cu、Zn、Hg与P、N和有机质相关。还对评估区域土壤中的元素进行了生态风险评估。
P07477,Effects of fertilization and other management measures on soil acidification in major Chinese croplands,主要中国农田施肥及其他管理措施对土壤酸化的影响,我们应用改进的VSD+模型评估了中国四种典型种植制度（单作玉米(M)、小麦-玉米(W-M)、小麦-水稻(W-R)和水稻-水稻(R-R)）在优势土壤上的农田酸化情况，因为其对粮食生产具有潜在威胁。通过考虑当前情况及田间（养分）管理的可能改进，设计了五种情景：i) 一切照旧(BAU)；ii) 2020年后不增加氮肥(N2020)；iii) 100%作物秸秆还田(100%RR)；iv) 施用有机氮替代30%的化学氮肥(30%MR)；v) 2020年后整合N2020和30%MR并实行100%RR (INMR)。结果表明，在所研究的钙质土壤中，碳酸钙缓冲系统可在150多年内保持高pH值。在非钙质土壤中，预测BAU情景下未来几十年盐基饱和度和pH值将中度至强烈下降。我们预测，按照BAU情景，到2050年约13%的农田可能遭受铝毒害。与BAU相比，N2020、100%RR和30%MR情景分别将酸化速率降低了16%、47%和99%。INMR是减少酸化的最有效策略，并导致2050年农田无铝毒害。小麦-玉米种植系统需要同时改进有机肥和田间管理以应对酸化。
P07722,Immobilization of cadmium and lead in contaminated paddy field using inorganic and organic additives,利用无机和有机添加剂钝化污染稻田中的镉和铅,农业土壤中的重金属污染对环境和人类健康构成了风险。本研究旨在评估土壤添加剂降低污染田中水稻对镉 (Cd) 和铅 (Pb) 吸收的有效性。使用的土壤改良剂包括石灰、大山元 (DASY)、迪康1号 (DEK1)、生物炭、铁生物炭、依壤、磷肥、(绿色稳定剂) GSA-1、GSA-2、GSA-3 和 GSA-4，在田间实验中以 1% 的比例施用。结果表明，GSA-4 处理在降低土壤中 Cd 和 Pb 的植物有效性以及早稻吸收方面效果最佳。记录到 GSA-4 改良土壤的 pH 值从播种到生长季第 3 个月线性增加 (即 5.69 到 6.75)。在改良 90 天时，GSA-4 使土壤中 DTPA 提取态镉 含量从 0.324 降至 0.136mgkg-1，铅 从 53.21 降至 24.68mgkg-1。GSA-4 处理改善了水稻生长 (56%) 和籽粒产量 (42%)。与对照组相比，GSA-4 施用对增加光合作用 (116%) 和蒸腾速率 (152%) 的积极效应可能是籽粒产量提高的原因。与对照组相比，GSA-4 处理显著减少了 Cd 和 Pb 在地上部 (42% 和 44%) 和籽粒 (77
P07753,"Spatial Characteristics, Health Risk Assessment and Sustainable Management of Heavy Metals and Metalloids in Soils from Central China",中国中部土壤中重金属和类金属的空间特征、健康风险评估及可持续管理,本研究收集了2007年至2017年间发表的中国中部（河南、湖北和湖南）土壤中七种有毒金属（铜、铬、镉、锌、铅、汞和砷）的含量数据。采用地累积指数、健康风险评估模型和统计方法研究了空间污染格局，评估了人体健康风险，并确定了优先控制污染物。中国中部地区土壤金属浓度，特别是镉、铅和汞超过了相应的背景值，其中镉和汞的地累积指数值变化最大，从未污染水平到极度污染水平不等。有毒金属的浓度在中国中部南部和北部较高，而中部含量最低。在非致癌风险方面，湖北省和湖南省儿童的危害指数（HI）超过了安全水平1，儿童的健康风险高于成人，成人和儿童的三种暴露途径的危害商（HQ）值依次递减：摄入 > 皮肤接触 > 吸入。在致癌风险（CR）方面，湖北、湖南和河南儿童的CR值以及湖北、湖南和河南成人的CR值分别超过了不可接受水平和可接受水平。砷似乎是导致成人和儿童高致癌风险的主要类金属。为了中国中部的可持续发展，应特别关注被确定为优先控制土壤污染物的镉、汞、铬、铅和砷。
P07756,"Distribution, pollution, bioaccumulation, and ecological risks of trace elements in soils of the northeastern Qinghai-Tibet Plateau",青藏高原东北部土壤中微量元素的分布、污染、生物累积及生态风险,青藏高原东北部的环境质量因人为干扰的增加而受到更多关注。因此，本研究调查了该地区土壤中12种目标重金属和16种稀土元素(REE)的分布、污染、生态风险和生物累积。土壤中目标微量元素的平均浓度范围从0.16 (Hg) 到500.46 (Cr) mg/kg。基于地累积指数评价，Pb造成的污染比其他元素更严重。Hg表现出最强的富集特征，平均富集因子为8.41。与修正污染程度和污染负荷指数相比，内梅罗污染指数法得出的评价结果最为严重，45.67%和16.54%的采样点分别具有高和中等污染。潜在生态风险指数的评价结果显示，土壤中的微量元素分别在34.65%和7.09%的采样点构成了极高和相当大的生态风险。矿区是污染和生态风险最严重的地区。目标微量元素的平均生物累积因子(BCF)值范围从0.05 (REEs) 到2.67 (Cr)。与其他目标元素相比，Cr是该地区植物中更容易生物累积的元素。迫切需要采取有效措施控制青藏高原东北部土壤中微量元素的当前污染和潜在生态风险。
P07757,"Ecotoxicological and Interactive Effects of Copper and Chromium on Physiochemical, Ultrastructural, and Molecular Profiling in Brassica napus L.",铜和铬对甘蓝型油菜生理生化、超微结构及分子谱图的生态毒理与交互效应,重金属累积造成巨大的环境问题，特别是在农业生态系统中，这对作物的产量和质量有恶化影响。关于铜和铬的单独效应在植物中已有广泛研究，但铜铬复合污染对甘蓝型油菜诱导的胁迫尚不清楚。在本实验中，研究了两个甘蓝型油菜品种（浙大622和ZS 758）中铜和铬的交互效应。结果表明，铬的应用比铜更具毒性，且它们的联合胁迫对植物生长显示出显著的负面影响。在所有金属处理下，生物量和光合色素显著降低。Cu和Cr的单独处理及其组合导致了ROS和脂质过氧化物的积累。此外，抗氧化酶（如CAT、APX、GR、SOD和POD）及其mRNA转录水平的活性增加，特别是在Cr单独处理或Cu+Cr联合处理下，但在敏感品种浙大622的叶和根中，与各自对照相比，CAT活性下降。另外，非酶抗氧化剂如还原型和氧化型谷胱甘肽在两个品种的根和叶中显示出不同的活性模式。在Cu+Cr处理下，两个品种的叶绿体超微结构修饰更为明显，其次是Cr和Cu单独处理。此外，Cu和Cr的协同效应显著；这可能是由于联合处理下金属吸收增强，表明Cr和Cu的相互作用不是竞争性的，而是附加的且依赖于基因型。
P07771,"Quantitative contributions of the major sources of heavy metals in soils to ecosystem and human health risks: A case study of Yulin, China",土壤中重金属主要来源对生态系统和人类健康风险的定量贡献：以中国榆林为例,"量化面向来源的风险可以识别主要污染源，有助于减轻土壤重金属对生态系统和人类健康造成的风险。以榆林国家能源化工基地为例，通过将潜在生态风险（RI）和总致癌风险（Total-CR）/总危害指数（Total-HI）评估模型与正定矩阵因子分解（PMF）受体模型相结合，定量计算了每个确定的来源类别的生态系统和人类健康风险评估。在这项工作中，通过对重金属（As, Cr, Cu, Zn, Cd, Pb, Hg 和 Mn）的地累积指数（Igeo）、污染指数（Pi）、RI、CR 和 HI 的分析，确定了大多数地点普遍存在的生态风险以及致癌和非致癌健康风险。源解析结果表明，土壤中重金属的主要来源是煤炭相关活动（52.5%），其次是工业活动（22.0%）、交通活动（13.2%）和农业活动（12.3%）。面向来源的定量风险评估结果表明，煤炭相关活动是 RI 和 Total-HI 的最大贡献者，而工业活动是 Total-CR 的最大来源，应加以控制，以减少接触重金属带来的致癌健康风险。"
P07775,"Heavy metals in paddy soil-rice systems of industrial and township areas from subtropical China: Levels, transfer and health risks",亚热带中国工业和集镇地区稻田土壤-水稻系统中的重金属：含量、迁移与健康风险,本研究调查了中国亚热带地区工业区和乡镇稻田土壤-水稻系统中选定金属的水平、转移因子及健康风险。稻田土壤中镉(Cd)、铅(Pb)、砷(As)和汞(Hg)的平均浓度分别为1.08、52.8、19.5和0.20 mg·kg−1（干重）。根据现行标准，研究区域内约99%的土壤样品和68.9%的稻米样品中的Cd浓度超过了允许限值。工业区稻田土壤中的Cd和Pb浓度显著高于乡镇和清洁区，然而，稻米中的Cd和Pb浓度并未出现这种情况。Cd的转移因子均值最高，为0.742。按照0.1 pH单位间隔的分组，分别分析了土壤pH值和Cd的转移因子。对数Cd转移因子的分段均值在土壤pH 4.3至6.3之间保持在约-0.10，而在pH 6.4至7.7范围内，随着土壤pH值的增加，呈线性下降，降幅系数为1.80。本研究区域发现了较高的危险指数值和致癌风险值，表明食用稻米存在较高的非致癌和致癌健康风险。
P07838,Mechanism of Accumulation of Methylmercury in Rice (Oryza sativa L.) in a Mercury Mining Area,汞矿区水稻(Oryza sativa L.)中甲基汞累积机制,在中国内陆汞矿区，大米摄入是甲基汞(MeHg)暴露的主要途径。MeHg在水稻植株中的来源、形成和转运过程复杂且很大程度上未知。本研究利用开顶式气室，通过同位素标记的二甲基汞(DMe199Hg)进行田间实验，探讨水稻组织中MeHg积累对不同水平空气中DMe199Hg的响应。水稻叶片从空气中同化DMeHg，随后主要储存在地上部分(包括稻谷)，仅有少量到达根部。结合汞矿区水稻冠层下部空气中DMeHg浓度的实地调查结果，我们估算糙米、叶片和上部茎秆中分别有15.5%、10.8%和8.50%的MeHg可能来源于大气的DMeHg，而水稻根部99.5%的MeHg来源于土壤-水系统。这些发现有助于完善水稻中MeHg的积累机制，即除了土壤外，水稻植株中的一部分MeHg可来源于汞矿区淹水稻田排放的DMeHg。
P07856,Tea planting affects soil acidification and nitrogen and phosphorus distribution in soil,茶叶种植影响土壤酸化及土壤中氮磷分布,从天然林地到农业用地的土地利用变化经常影响土壤性质，导致各种环境问题。本研究进行了一项田间试验，以评估从林地转变为茶园种植对土壤酸化以及氮（N）和磷（P）淋失风险的影响。研究在中国农业科学院茶叶研究所测量了两个不同树龄（10年和100年）和三个不同施肥水平（低投入、中等投入和高投入）的茶园中0-200 cm深度的土壤酸化及养分浓度，以及这些茶园邻近林地的情况。茶树种植导致整个0-200 cm土壤剖面发生酸化，在20-40 cm或40-60 cm土层观察到最低的土壤pH值。在0-90 cm土层深度，随着茶树树龄和施肥水平的增加，硝酸盐（NO3-）和氨（NH4+）的浓度均增加。与林地相比，在茶园90-200 cm土壤中观察到显著更高的NO3-和NH4+浓度，表明茶园中氮淋失风险较高。较长的种植时间和较高的投入水平也增加了0-90 cm土层中土壤有效磷和CaCl2-P的浓度，并在土壤有效磷和CaCl2-P之间的关系中观察到了转折点。根据土壤有效磷和土壤CaCl2-P之间的关系，当土壤有效磷超过75.1 mg kg-1时，土壤CaCl2-P浓度急剧增加。这项研究还表明，由于茶树种植和过度施肥，
P07873,Long-Term Coffee Monoculture Alters Soil Chemical Properties and Microbial Communities,长期咖啡单作改变了土壤化学性质和微生物群落,长期单作严重抑制了咖啡植物的生长，降低了产量，并在中国造成了严重的经济损失。本文选取了中国海南具有4年、18年、26年和57年单作历史的四个复垦咖啡田，研究了连作对土壤化学性质和微生物群落的影响。结果表明，长期单作降低了土壤pH值和有机质含量，增加了土壤电导率（EC）。随着咖啡连作时间的增加，土壤细菌和真菌的丰富度下降。主坐标分析表明，单作时间是细菌和真菌群落结构的主要决定因素。细菌中的变形菌门、拟杆菌门和硝化螺菌门以及真菌中的子囊菌门的相对丰度随时间减少。在属水平上，潜在的有益微生物如硝化螺菌属和木霉属随时间显著减少，并且与盆栽中咖啡植物的生长呈正相关。综上所述，咖啡连作降低了土壤pH值、有机质含量和潜在有益微生物，增加了土壤电导率，这可能导致盆栽中咖啡植物生长不良以及田间咖啡产量下降。因此，发展可持续农业，在连作制度下改善土壤pH值、有机质含量、微生物活性并减少盐分胁迫，对中国的咖啡生产至关重要。
P07935,"Responses of rhizosphere soil properties, enzyme activities and microbial diversity to intercropping patterns on the Loess Plateau of China",中国黄土高原间作模式对根际土壤性质、酶活性及微生物多样性的响应,禾本科-豆科间作被广泛用于提高现代农业系统的生产力并实现可持续发展。然而，关于小杂粮作物间作的研究很少，因此我们设计了一项实验，监测中国黄土高原黍子/绿豆间作系统下黍子根际土壤性质、酶活性和微生物群落多样性，并以单作为对照。利用Illumina测序技术分析16S rRNA基因和ITS基因以研究土壤微生物（细菌和真菌）的多样性和组成。结果表明，间作模式下的根际土壤养分含量和酶活性较高，且存在显著相关性。物理性质也发生了变化，包括土壤含水量、容重和土壤温度。间作模式对细菌多样性的影响大于对真菌多样性的影响，尤其是Alpha多样性，尽管两组都受到间作模式的显著影响。放线菌是最丰富的细菌门，在间作下减少了32.37%。其他门类物种，包括变形菌门、绿弯菌门、芽单胞菌门、酸杆菌门、硝化螺旋菌门和厚壁菌门也受到间作模式的显著影响。对于优势真菌门，子囊菌门、被孢霉门和担子菌门对间作模式的响应不大。结合空间排序分析表明，对于细菌而言，土壤温度和容重对微生物群落的贡献比其他调查的土壤参数更大，而对于真菌而言，全氮和硝酸盐含量的贡献更大，而土壤酶活性在细菌和真菌中起着相同的作用。总体而言，这些结果表明间作改
P08213,Assessment of heavy metal pollution and the effect on bacterial community in acidic and neutral soils,酸性及中性土壤中重金属污染评估及其对细菌群落的影响,中国锡矿山的采矿活动造成了重金属污染。本研究旨在利用潜在生态风险（PER）指数评估XKS的重金属生态风险，并检测不同pH水平下重金属胁迫对土壤细菌群落的响应。PER指数表明，锑、镉和砷在采样点构成最严重的生态风险。我们比较了重金属在酸性和中性条件下对微生物群落结构的影响。结果表明，微生物群落对重金属的响应在酸性和中性土壤之间存在显著差异。在酸性条件下，锌和铅是影响细菌群落的主要重金属因素，而在中性土壤中，锑、砷和铬的影响超过了它们。这可能是由于重金属的不同特性及其与土壤性质的相互作用。在酸性和中性土壤中，主要菌属与Sb、As、Zn、Pb和Cd呈正相关，这可能是由于长期污染条件下抗性增加。我们的结构方程模型结果表明，酸性和中性土壤中细菌群落结构的变化主要由重金属解释。土壤养分和pH值对中性条件下的细菌群落也有显著的直接影响，以及由于它们对酸性和中性土壤中重金属的影响而产生的间接影响。几种耐重金属细菌可用于酸性和中性条件下的修复。
P08296,"Contamination characteristics, source apportionment, and health risk assessment of heavy metals in agricultural soil in the Hexi Corridor",河西走廊农田土壤重金属污染特征、源解析及健康风险评估,为确定河西走廊农田土壤的重金属污染状况，本研究采集并分析了376个土壤样品的重金属含量。研究采用地球化学基线值（GBV）、单因子污染指数（PI）、单项重金属生态风险和综合生态风险指数（RI）来评估污染程度。利用地质统计分析、正定矩阵因子分解（PMF）和健康风险评估模型确定了主要的污染源和优先污染源。虽然西部、中部和东部的Ti、V、Cr、Mn、Fe、Ni、Cu、Zn、As和Pb的平均浓度未超过国家临界值，但西部约1%的As样品超过了临界值。重金属的平均浓度均低于其相应的GBV。PI和RI结果表明，该地区农田土壤呈中度污染，生态风险较低，且中部地区污染最轻。基于PMF模型，因子1代表金属加工；因子2代表西部和中部电镀和冶炼的混合源，以及东部采矿和农业活动的混合源；因子3归因于农业活动；因子4代表大气沉降和交通排放的混合源。主要的污染源（西部和东部的因子4，中部的因子2）在总金属和优先污染源中所占比例最高，从而分别对致癌风险（西部为因子2，中部和东部为因子3）和非致癌风险（西部成人为因子2，儿童为因子1，中部和东部为因子3）贡献最大。
P08302,Soil vanadium(V)-reducing related bacteria drive community response to vanadium pollution from a smelting plant over multiple gradients,土壤钒(V)还原相关细菌驱动钒冶炼厂多梯度污染下的群落响应,钒矿的开采和冶炼导致了区域地质环境中的严重钒污染，并对土壤微生物产生了显著影响。然而，负责调节微生物群落对钒污染响应的核心微生物组及其驱动模式尚不清楚。本研究在中国攀枝花某钒冶炼厂四周及10-2000 m距离内采集了一系列多梯度的表层和剖面土壤样品。利用16S rRNA基因高通量测序技术分析了土著微生物群落和钒(V)还原相关细菌(VRB)。基于高通量测序数据分析，在原始土壤样品中检测到了5种VRB，包括芽孢杆菌、地杆菌、梭菌、假单胞菌和丛毛单胞菌，它们的丰度与钒含量显著相关。低浓度的钒促进VRB的生长，而高浓度的钒则会抑制VRB的繁殖。高斯方程可用于定量描述VRB与钒之间的非线性关系。网络分析表明，微生物群落受VRB组合的显著影响，群落中1.32–52.77%的微生物与VRB显示出密切关联。实验室培养实验也证实了VRB在驱动群落响应钒胁迫中的核心作用。
P08424,Source-specific ecological and health risks of potentially toxic elements in agricultural soils in Southern Yunnan Province and associated uncertainty analysis,滇南地区农田土壤潜在有毒元素的源特异性生态与健康风险及不确定性分析,源特异性风险分配对于预防和控制土壤潜在有毒元素(PTE)污染至关重要。本研究探讨了滇南地区土壤PTE的源特异性生态和人体健康风险。确定了地球化学基线值以评估PTE的污染水平; 然后结合正矩阵因子分解(PMF)与生态和人体健康风险评估分配了源特异性风险。观察到该地区As、Cd、Pb和Zn的明显富集，特别是21.33%的样品中的Cd表现出显著的富集。基于PMF和GIS映射量化了四个来源：自然源(41.49%)、交通排放(24.70%)、工业活动(17.48%)和农业活动(16.33%)。工业活动是生态风险的最大来源(64.55%)。农业活动被认为是非致癌(成人：75.93%，儿童：62.33%)和致癌风险(成人：55.97%，儿童：56.36%)的主要贡献者。儿童的非致癌和致癌风险高于成人，且其健康风险显示出相似的趋势。因此，农业活动应被视为降低健康风险的重点，而工业活动应优先控制生态风险。虽然量化了源特异性风险，但未来结合生物可利用性和PTE的相互作用以获得更准确的结果是必要的。
P08915,Annual burying of straw after pelletizing: A novel and feasible way to improve soil fertility and productivity in Northeast China,秸秆造粒后年际掩埋：一种提高中国东北土壤肥力和生产力的新颖可行方法,增加秸秆还田量具有提高土壤肥力的潜力，但由于低温和降水地区产量下降而未被广泛接受。因此，考虑到土壤肥力、作物产量和经济收入，建立了大量秸秆造粒后年际掩埋的方法。进行了为期三年的春玉米田间试验，包括大量（75 Mg ha-1 year-1）造粒秸秆（PS75）和切碎秸秆（CS75）、常规量（15 Mg ha-1 year-1）切碎秸秆（CS15）和不还田（CK）。与其他处理相比，PS75在0-20cm和20-40cm土层的土壤总碳含量分别提高了8-17%和29-51%。第三年，PS75的总氮含量更高，碳氮比适中，容重更低，土壤pH值相当。具体而言，PS75在第二年和第三年的籽粒产量比CK提高了5-7%，比CS15提高了6-21%。三年间，PS75的籽粒产量比CS75提高了5-28%，且粒数和百粒重更高。这部分归因于PS75具有较高的土壤碳氮含量，灌浆期更长。值得注意的是，与CK相比，PS75的籽粒产量和经济收入随试验年份呈增加趋势。总体而言，大量造粒秸秆年际掩埋是提高中国东北土壤肥力和作物产量的可行途径。
P09646,"Distributions and risks of Cu, Cd, Pb and Zn in soils and rice in the North River Basin, South China",中国华南北江流域土壤和水稻中铜、镉、铅、锌的分布及风险,
P09649,Long-term effects of biochar on rice production and stabilisation of cadmium and arsenic levels in contaminated paddy soils,生物炭对受污染水稻土水稻生产及镉、砷含量稳定的长期效应,中国稻田土壤中的重金属污染因其通过食物链转移带来的健康风险而备受关注。2014-2015年开展了一项田间实验，研究不同生物炭改良剂对中国南方受污染稻田中镉和砷固定的长期效应。分别添加了两种生物炭——稻秸秆生物炭和椰子副产品生物炭，以确定它们对水稻产量及降低水稻中镉、砷含量的影响。这两年的田间实验表明，生物炭改良显著提高了水稻产量，且CB优于RB，特别是在第一季。施用大量生物炭（22.5 t ha-1）显著提高了土壤pH值和总有机碳，且不论生物炭类型和施用量如何，四个生长季内稻米中的镉含量均相应降低。水稻中的砷含量与对照组相似。研究结果表明，生物炭对土壤中镉的固定和减少水稻中镉的积累具有至少两年的可持续效应。土壤生物炭改良可被视为一种长期修复稻田重金属污染的可持续、可靠且具有成本效益的选择。
P09654,Apparent Accumulated Nitrogen Fertilizer Recovery in Long-Term Wheat–Maize Cropping Systems in China,中国长期小麦-玉米轮作体系中的表观累积氮肥回收率,
P09655,Combining Fractional Order Derivative and Spectral Variable Selection for Organic Matter Estimation of Homogeneous Soil Samples by VIS–NIR Spectroscopy,结合分数阶微分与光谱变量选择方法利用VIS-NIR光谱估算均质土壤样品有机质,可见光和近红外（VIS–NIR）光谱已广泛用于实验室土壤有机质（SOM）的估算。然而，如果能够直接利用野外/潮湿的VIS–NIR光谱估算SOM，则可节省大量时间和人力。光谱导数在消除干扰和优化估算模型方面起着重要作用。然而，传统的整数阶导数可能会忽略与SOM相关的某些细节信息。此外，全光谱通常包含冗余的光谱变量，这会影响模型精度。本研究旨在探讨分数阶微分（FOD）与光谱变量选择技术的不同组合，以优化潮湿土壤的VIS–NIR光谱模型。研究从中部中国采集了91个土壤样品，并测量了其SOM含量和反射率光谱。应用支持向量机（SVM）估算SOM。结果表明，潮湿光谱与风干研磨光谱差异很大。随着导数阶数的增加，光谱分辨率逐渐提高，但光谱强度同时降低。FOD能更好地平衡光谱分辨率与光谱强度之间的矛盾。在全光谱SVM模型中，基于1.5阶导数光谱的SVM模型实现了最准确的估算。在所有研究的模型（FOD与变量选择技术的不同组合）中，应用1.5阶导数光谱和GA方法时获得了最高的SOM验证精度。在三种变量选择技术中，总体而言，GA方法产生了最佳的预测能力。然而，由于其计算时间长，可以使用CARS方法作为替代。本
P09657,Effects of Copper Oxide Nanoparticles on Paddy Soil Properties and Components,氧化铜纳米颗粒对水稻土性质和组分的影响,金属纳米颗粒（MNPs）的广泛使用不可避免地会导致其释放到土壤中，从而影响土壤环境的质量和生态功能。本研究将两种性质不同的水稻土暴露于CuO NPs，以评估CuO NPs的转化及其对土壤性质和组分的影响。单一化学提取和X射线吸收精细结构分析结果表明，CuO NPs一旦进入淹水水稻土就会释放Cu离子，然后向更稳定的形式（Cu2S和Cu(OH)2）转化。CuO NPs可以通过增加低有机质土壤的pH和Eh来改变土壤性质，而不是高有机质土壤。此外，我们发现1000 mg/kg的CuO NPs可以加速有机质的降解或矿化，以及Fe还原过程，在淹水60天后，低有机质土壤中的Fe(II)含量增加了293%。两种土壤中的微生物量受到CuO NPs的严重抑制，而有机质可以部分缓解CuO NPs的负面影响。
P09659,Responses of crop productivity and physical protection of organic carbon by macroaggregates to long-term fertilization of an Anthrosol,长期施肥条件下人为土作物生产力与团聚体有机碳物理保护的响应,农田土壤有机碳固存被认为是改善土壤质量和作物生产力以及减缓气候变化影响的“双赢策略”。基于一项35年的田间试验数据，我们研究了中国北方某个人为土上，在小麦-玉米集约化种植制度下，有机肥和合成肥料对大团聚体中有机碳（OC）保护机制的影响，以及作物生产力与OC的关系。研究包含9个由合成肥料和有机肥不同组合构成的处理。在35年试验后，采集0-10cm和10-20cm土层的土壤样品，将大团聚体分离成四个物理组分并分析OC的变化。与不施肥的对照相比，长期施用氮磷肥对大团聚体组分的SOC和OC含量没有影响。相反，施用有机肥显著增加了大团聚体组分的SOC和OC含量（矿物结合有机碳MOC除外）。SOC与微团聚体内部颗粒有机碳（iPOC）组分中的OC含量呈显著正相关，表明SOC固存主要发生在本研究中人为土的物理保护型颗粒有机碳形式中。二次平台模型很好地描述了作物产量与SOC的关系，获得期望产量的临界SOC含量约为9 g kg^-1（或25 Mg ha^-1）。因此，一旦达到这一临界SOC含量，应调整可用碳的输入，以保证预期的土壤生产力和SOC固存效率。
P09663,Effects of Acid Mine Drainage on Calcareous Soil Characteristics and Lolium perenne L. Germination,酸性矿山排水对石灰性土壤特征及黑麦草发芽的影响,酸性矿山排水（AMD）是由广泛的硫化物开采活动产生的严重环境问题。关于AMD对石灰性土壤特征和种子发芽影响的研究缺乏更全面和详细的资料。在本研究中，采集了中国山西省孝义、太谷、乡宁、河津和昔阳县的五个石灰性土壤样品，通过实验室培养实验研究了酸性AMD对土壤特征和黑麦草发芽的影响。结果表明，土壤中总氧化钙和氧化镁含量的增加导致AMD中转化为高价铁的二价铁量增加，且AMD中的主要离子被截留在土壤中。当AMD体积与土壤质量比为10 mL/g时，河津和太谷县土壤的CaO+MgO总含量分别为14.23%和6.42%，AMD污染土壤的pH值降至7.24和3.10，分别截留了98.7%和54.0%的二价铁、99.9%和58.6%的总铁，以及76.0%和26.4%的硫酸根。太谷县土壤的结果显示，当AMD体积与土壤质量比为10 mL/g时，土壤中的有机质、有效磷、有效钾、Cr和Cd含量分别下降了16.2%、63.0%、97.1%、7.8%和73.2%；全磷和全钾没有显著变化；而有效氮和全氮分别增加到16.1倍和1.76倍。与太谷县采集的初始土壤相比，当AMD体积与土壤质量比为6 mL/g时，AMD污染土
P09875,"Soil heavy metal contamination assessment in the Hun-Taizi River watershed, China",浑河-太子河流域土壤重金属污染评价,
P10977,Analysis of Heavy Metal Pollution in Urban Surface Soil,城市表层土壤重金属污染分析,人类活动对城市环境质量的影响日益突出，城市土壤污染问题对当地居民健康的影响也逐渐凸显。此外，城市表层土壤重金属污染研究是城市地质环境演化模型的重要组成部分，因此有必要对城市土壤重金属污染进行分析。本文利用MATLAB软件和EXCEL电子表格对给定样本的数据进行处理和分析。采用插值法建立了金属元素空间的三维图像模型和平面模型。详细展示了城市中8种重金属元素的空间分布。对于城市环境，特别是对土壤污染的宏观把握，监管提供了一个简单准确的污染物三维空间分布模型。结合数据分析，对城市不同区域的重金属污染情况做出了初步判断。数据显示，在五类城市区域中，工业区的土壤重金属污染最为严重。大胆运用了一种数据分析的想象方法，结合分布图，发现了污染源。针对重金属元素的空间分布，本文使用EXCEL计算数据，利用MATLAB绘制数据图，展示了详细直观的分布图，可根据分布图分析不同区域的污染情况；针对第二个问题，本文采用了一种设计方法处理数据，部分数据结果的有效展示确定了污染原因。针对第三个问题，本文将对污染较严重或范围较广泛的局部进行筛选分析，进而推测污染源的位置。对于其他污染信息，本文基于建模过程中遇到的因素
P10983,Assessment of soil heavy metals for eco-environment and human health in a rapidly urbanization area of the upper Yangtze Basin,长江上游快速城市化地区土壤重金属的生态环境与人体健康评估,
P11015,Substrate quality and soil environmental conditions predict litter decomposition and drive soil nutrient dynamics following afforestation on the Loess Plateau of China,基底质量和土壤环境条件预测黄土高原退耕还林后的凋落物分解并驱动土壤养分动态,
P11664,"Review of the Spatial Distribution, Source and Extent of Heavy Metal Pollution of Soil in China: Impacts and Mitigation Approaches",中国土壤重金属污染的空间分布、来源及程度综述：影响与缓解策略,
P00674,"Heavy metals in soils from a typical industrial area in Sichuan, China: spatial distribution, source identification, and ecological risk assessment",四川典型工业区土壤重金属：空间分布、源识别及生态风险评价,人为活动可能导致土壤重金属浓度增加并恶化土壤环境质量。本研究采集了中国西南四川典型工业区（石亭河流域）的表层土壤样品，测定了Cu、Zn、Cr、Cd、As和Hg的浓度。这些金属的平均浓度低于国家阈值，但略高于相应的背景值，表明该流域土壤中这些金属富集，特别是Cu、Zn和Hg。该区域表层土壤显示出中等污染和低潜在生态风险。结合主成分分析和聚类分析对数据进行处理，识别了这些重金属的可能来源；结果表明，土壤Cd、Hg、As、Cu和Zn主要受人类活动控制，而Cr主要来自成土母质。重金属的空间分布差异明显，与当地人为活动密切相关。此外，工业用地中的重金属浓度相对高于其他土地利用类型。土壤重金属浓度随与高速公路（0-1.0 km）和水系（0-2.0 km）距离的增加而降低。另外，土壤性质，特别是pH值和土壤有机质，被认为是影响金属分布和组成的重要因素。
P01922,Preface,序言：土壤环境与污染修复,
P02095,Comparison of DGT with traditional methods for assessing cadmium bioavailability to Brassica chinensis in different soils,DGT与传统方法评估不同土壤中镉对白菜生物有效性的比较,
P04049,Impacts from Land Use Pattern on Spatial Distribution of Cultivated Soil Heavy Metal Pollution in Typical Rural-Urban Fringe of Northeast China,土地利用格局对东北典型城乡结合部耕作土壤重金属污染空间分布的影响,在东北快速城市扩张的背景下，土地转换不仅侵占了耕地的数量，而且对黑土保护与粮食安全构成了巨大威胁。本研究旨在探讨黑土区城乡结合部土地利用格局与耕地土壤重金属综合污染的空间关系。我们以长春市宽城区郊区耕地为实证案例，应用空间滞后回归分析了污染负荷指数（PLI）与土地利用影响因素的关系。结果表明：(1) Pb、Cu和Zn之间，Cr和Ni之间，以及Hg和Cd之间检测到相似的空间分布特征。中部区域的伊通河流域和西部的兰家居民社区是八种重金属和PLI的主要热点区。东南部分布大面积生态用地的北湖湿地公园，重金属浓度和PLI值均较低。耕地重金属的空间分布特征与周边土地利用类型和工业类型有关；(2) 空间滞后回归对PLI的拟合优于普通最小二乘回归。回归结果表明，重金属污染程度与长期居住用地和地表水的距离呈反比关系。随着城市用地扩张和积累期的延长，居住用地蔓延将威胁黑土区郊区的耕地免受重金属污染，而在郊区使用城市河水灌溉的耕地将具有更高的重金属污染倾向。
P07413,"Soil contamination in China: Current priorities, defining background levels and standards for heavy metals",中国的土壤污染：当务之急、定义背景值与重金属标准,中国政府正在努力建立一个有效的框架来管理土壤污染。重金属污染是讨论中国土壤质量、健康和修复的关键。本文简要回顾了中国土壤重金属污染情况，并讨论了背景值和标准的概念。讨论了污染土地及其管理对中国粮食安全和城市化的重要性。提出了中国制定有效研究和管理制度下一步的优先事项。我们提出，在基于科学的污染物风险评估中，将形态和生物有效性纳入测量和评价标准至关重要。考虑土壤生物学/生态终点对于保护生态系统健康是必要的。国家和区域/地方的土地利用类型/使用情景将解决工业用地的住宅/城市再利用以及不同的农业情景。
P07491,Using bamboo biochar with compost for the stabilization and phytotoxicity reduction of heavy metals in mine-contaminated soils of China,利用竹生物炭与堆肥稳定中国矿区污染土壤中的重金属并降低植物毒性,人类活动改变了全球重金属的地球化学循环。本研究旨在探讨在凤县（FC）和潼关（TG）的矿山污染土壤中施用竹生物炭（BB）后，重金属的固定化及植物毒性降低效果。结果表明，向污染土壤中施用BB可使重金属（Zn、Pb、Cd和Cu）钝化。FC和TG地区的土壤pH值和EC值增加，重金属的生物有效性降低（TG土壤中的Pb和Cu除外）。BB的添加减少了芥菜 shoot/root 对重金属的吸收。生理反应显示，BB的应用改善了芥菜的生长，提高了生物量及叶绿素和类胡萝卜素浓度。综上所述，BCF、TF和MEA证实了BB对两种土壤中重金属的固定潜力和植物毒性降低作用。
P07512,Comparison of DGT with traditional methods for assessing cadmium bioavailability to Brassica chinensis in different soils,DGT与传统方法评估不同土壤中镉对白菜生物有效性的比较,目前尚无普遍接受的方法来评估土壤中镉（Cd）的生物有效性。薄膜扩散梯度技术（DGT）是一个有前途的工具，但其适用性存在相当大的争议。本研究基于温室实验，利用来自中国不同省份的15种土壤种植白菜（Brassica chinensis），将该技术评估土壤Cd生物有效性的能力与其他传统化学提取技术（土壤溶液、EDTA、HAc、CaCl2和伪全Cd法）进行了比较。此外，我们还评估了这些方法是否独立于土壤性质。与传统提取技术测定的植物和土壤Cd浓度之间的相关性依赖于pH和有机碳（OC）含量，表明这些方法受土壤性质的影响。相比之下，DGT测量结果独立于土壤性质，并且表现出比传统技术更高的相关系数。因此，DGT技术更好，应优先用于评估不同土壤类型中Cd的生物有效性。
P07606,"Heavy metals translocation and accumulation from the rhizosphere soils to the edible parts of the medicinal plant Fengdan (Paeonia ostii) grown on a metal mining area, China",中国金属矿区药用植物凤丹(Paeonia ostii)根际土壤中重金属的转移与积累,凤丹是中国34种著名中药材之一。本研究调查了中国金属矿区种植的凤丹根际土壤、根皮和种子中砷、铬、镉、铜、铅、铁、锰和锌的浓度。根际土壤中As、Cd、Cu和Zn的平均浓度超过了《中国土壤环境质量标准》(GB 15618-1995)规定的限值。所有土壤中Cd的污染因子(CF) > 5，而As、Cu、Pb和Zn的CF > 2。所有土壤的综合污染指数在3到5之间。凤丹可食用部分的金属浓度依次为：Mn > Fe > Zn > Cu > Pb > As > Cr >= Cd。老凤丹(6年以上)根皮中As、Cu、Cd和Fe的转移因子平均值显著高于幼凤丹。有效态金属浓度、pH和土壤有机质含量影响了根皮的金属浓度。结果表明，采矿和冶炼作业导致了凤丹土壤和药用部分的重金属污染。
P07613,Ecological Risk Evaluation of Heavy Metal Pollution in Soil in Yanggu,阳谷土壤重金属污染的生态风险评价,
P07625,"Geochemical baseline establishment and ecological risk evaluation of heavy metals in greenhouse soils from Dongtai, China",中国东台温室土壤重金属地球化学基线建立与生态风险评价,目前，由于温室农业的快速扩张，温室土壤中的重金属污染已成为一个重大问题。然而，由于缺乏局地地球化学基线浓度（GBCs）或相应的背景值，难以准确评估中国温室土壤的重金属污染。在本研究中，利用累积频率分布（CFD）曲线从下层土壤建立了中国代表性温室区东台的重金属GBCs。基于这些区域GBCs，采用地累积指数（Igeo）、污染指数（PI）、污染负荷指数（PLI）和生态风险指数（RI）等不同定量指标，调查了重金属的污染水平和潜在生态风险。测定了表层土壤中六种金属（Cd、Cr、Cu、Ni、Pb和Zn）的总浓度，结果显示其低于中国其他温室地区的报道浓度。Cd、Cr、Cu、Ni、Pb和Zn的GBCs分别为0.059-0.092、39.20-54.50、12.52-15.57、20.63-23.26、13.43-16.62和43.02-52.65 mg kg-1。基于这一基线标准，Cd、Pb和Zn在表层土壤中产生了积累，因为其浓度高于基线值。根据Igeo值，土壤受到中度Cd污染，PI结果也表明该区域存在中度Cd污染。Cd的Igeo值变化较大，表明该区域的Cd可能受农业活动影响。PLI显示大部分研究区域
P07651,Space-time quantitative source apportionment of soil heavy metal concentration increments,土壤重金属浓度增量的时空定量源解析,评估土壤重金属积累的时空趋势并检测其来源，对土壤重金属污染的防治具有重要意义。本研究于2010年至2014年期间，在中国湖北省武汉市青山区的东部采集了土壤样品。2010年至2014年期间，土壤中的镉(Cd)、铜(Cu)、铅(Pb)和锌(Zn)浓度表现出显著的积累。时空克里金技术基于非可分离变差模型对土壤重金属浓度变化进行定量表征，被用于估计研究区域土壤重金属的时空分布。研究结果表明，Cd、Cu和Zn浓度从研究区域的西南部向中部呈现明显的递增趋势。然而，Pb浓度则从北部向中部呈现明显的趋势。随后，利用空间叠加分析获取了2010年至2014年期间相邻1年或5年期的绝对和相对浓度增量。土壤重金属浓度增量的空间分布显示，较大的增量出现在研究区域的中心。最后，采用主成分分析结合多元线性回归的方法量化了该区域土壤重金属浓度增量的源解析。研究结果得出结论，土壤重金属浓度增量的来源应归因于工业、农业和交通。特别是，2010年至2014年期间82.5%的土壤重金属浓度增量归因于工业/农业活动源。
P07659,Low-molecular-weight organic acids correlate with cultivar variation in ciprofloxacin accumulation in Brassica parachinensis L.,低分子量有机酸与菜心品种对环丙沙星积累的差异相关,
P08299,Prediction models of soil heavy metal(loid)s concentration for agricultural land in Dongli: A comparison of regression and random forest,东丽区农用地土壤重金属浓度预测模型：回归与随机森林的比较,"在快速城市化和工业化条件下，土壤环境受到来自大气和水体排放的重金属持续污染，导致土地利用回归（LUR）模型难以捕捉土壤重金属与潜在指标之间的复杂关系。随机森林是一种能够处理非线性关系的非参数统计方法。本研究旨在探讨随机森林（RF）模型在预测六种重金属（Pb, Cd, Cr, As, Hg 和 Zn）的土壤浓度和空间分布方面的应用，并与LUR模型进行比较。结果表明，RF模型的R2值约为0.90，且交叉验证R2值更大、均方根误差（RMSE）更低。RF与LUR模型的对比表明，RF模型表现更好，能够准确预测土壤重金属的浓度和空间分布。此外，在研究区域，人类活动和交通运输是土壤重金属Pb的主要来源，污水灌溉是Cd、Cr和Zn的主要来源，燃煤电厂的大气沉降是土壤重金属Hg的重要来源，成土母质最可能是As的来源。综上所述，在土壤重金属研究中应用随机森林有助于环境管理部门重点关注控制重金属污染源的扩散，为污染防治提供目标。"
P09635,"Comparison of Health Risk Assessments of Heavy Metals and As in Sewage Sludge from Wastewater Treatment Plants (WWTPs) for Adults and Children in the Urban District of Taiyuan, China",太原市区污水处理厂污泥中重金属和砷对成人和儿童的健康风险评估比较,为了比较污泥中重金属和砷对成人和儿童的健康风险，从山西省省会太原市市区的五家污水处理厂采集了样品。污泥中重金属和砷的平均浓度排序为：Cu > Cr > Zn > Pb > As > Hg > Cd。与不同国家设定的浓度限值相比，除As含量高于加拿大设定的限值外，污泥中重金属含量均在标准限值内。采用美国环境保护署 (USEPA) 推荐的健康风险评估方法比较了成人和儿童的非致癌风险和致癌风险。基于平均日剂量 (ADD) 的平均值和95%置信上限 (UCL)，成人和儿童的重金属和砷排序分别为 Cu > Cr > Zn > Pb > As > Hg > Cd 和 Cu > Cr > Zn > Pb > Hg > As > Cd。此外，ADD_ingest 和 ADD_inhale 的结果表明，摄入是成人和儿童暴露于重金属和砷的主要途径，ADD的总和表明，根据平均值和95% UCL，儿童对所有重金属和砷的暴露量分别是成人的8.65倍和9.93倍。对于非致癌风险，根据危害商数 (HQ)，Cu、Hg 和 Cr 的风险高于 Zn 和 Pb。成人的危害指数 (HI) 在平均值和95% UCL下分别为0.
P09645,"Assessment of Heavy Metal Contamination in Roadside Soils Along the Shenyang-Dalian Highway in Liaoning Province, China",辽宁省沈大高速公路沿线路边土壤重金属污染评价,本研究通过详细的土壤调查，评估了中国辽宁省沈大高速公路沿线路边土壤的重金属污染情况。利用原子吸收分光光度法分析了Pb、Cu、Cd、Ni和Zn。路边土壤中Pb、Cu、Cd、Ni和Zn的平均浓度分别为43.8、26.5、0.119、32.1和71.3 mg/kg，所有浓度均超过背景值。不同土地利用类型下发现了不同的重金属分布模式。在农田中，重金属浓度峰值出现在距离路边土壤25米处，而在林地和果园土壤中，所有重金属浓度随距离增加而降低，符合指数模型。除Cd外，重金属浓度显著高于1999年和2007年的测量值。与世界其他城市的路边土壤相比，沈大高速公路沿线的土壤重金属浓度处于中等或较低水平。总体而言，这项评估表明这些土壤中的重金属污染总体较低，建议更多地关注沈大高速公路沿线路边土壤中的Pb污染。
P10479,Responses of crop productivity and physical protection of organic carbon by macroaggregates to long-term fertilization of an Anthrosol,长期施肥下作物生产力和人为土团聚体对有机碳的物理保护响应,耕地土壤有机碳固存被推荐为一种提高土壤质量和作物产量以及减缓气候变化的“双赢”策略。基于35年的田间试验数据，我们研究了有机肥和合成肥料对华北人为土集约化小麦-玉米种植体系下大团聚体有机碳保护机制的影响，以及作物生产力与OC的关系。研究涉及由合成肥料和有机肥不同组合组成的九个处理。在35年试验后，取0-10厘米和10-20厘米土层的土样，在大团聚体内分离出四个物理组分，并分析OC的变化。与不施肥的对照相比，长期施用氮磷肥对大团聚体组分的SOC和OC含量没有影响。相反，施用有机肥显著增加了大团聚体组分的SOC和OC含量，矿物结合有机碳除外。SOC与微团聚体内部颗粒有机碳组分中的OC含量呈显著正相关，表明SOC主要在受调查的人为土中以物理保护的颗粒有机碳形式固存。二次平台模型很好地描述了作物产量与SOC的关系，获得理想产量所需的临界SOC含量约为9 g kg-1或25 Mg ha-1。因此，一旦达到这一临界SOC含量，应调整可用碳的输入，以保证所需的土壤生产力和SOC固存效率。
P10542,"The influence of atmospheric Hg on Hg contaminations in rice and paddy soil in the Xunyang Hg mining district, China",旬阳汞矿区大气汞对水稻和稻田土壤汞污染的影响,
P10728,Impact of land use change on profile distributions of organic carbon fractions in peat and mineral soils in Northeast China,土地利用变化对中国东北泥炭和矿质土壤剖面有机碳组分分布的影响,土地利用对活性土壤有机碳（SOC）含量的影响已有深入研究。然而，关于其对顽固性SOC库（长期碳固存的关键指标）的影响仍知之甚少。我们研究了中国东北金川泥炭地土地利用变化对土壤剖面（0-30 cm）中活性和顽固性SOC组分分布的影响，其中原生泥炭地（泥炭土）和森林（矿质土壤）分别被转换为稻田和农田。我们从原生和耕地中的10个地点采集了泥炭和矿质土壤剖面样品。测定了泥炭土和矿质土壤中的总有机碳（TOC）和作为活性SOC组分的KMnO4-氧化碳（KOC）。同时还测定了泥炭样品中的纤维和木质素。矿物结合有机碳（MOC）和黑碳作为两个顽固性SOC组分进行了检测。在所有土地利用方式下，泥炭土剖面中的TOC和KOC含量随深度增加而增加。泥炭地转换为稻田会影响各深度泥炭土的TOC含量。耕作土壤中的KOC含量较低，表明耕作降低了KOC。KOC的降低幅度小于TOC的降低幅度，表明由于土地利用变化，部分顽固性SOC组分被分解。与泥炭土剖面不同，所有土地利用方式下矿质土壤剖面中的TOC和KOC含量随深度增加而降低。耕作转为农田后，表层土壤中的TOC和KOC含量显著降低，但深层土壤未受影响。有趣的是，耕作后矿质
P10758,Genotypic and Environmental Variations in Grain Cadmium and Arsenic Concentrations Among a Panel of High Yielding Rice Cultivars,高产水稻品种籽粒镉和砷浓度的基因型与环境变异,"背景：对于以大米为主食的人群来说，大米是镉和砷的主要膳食来源。大米籽粒中镉和砷的过度积累引起了全世界的广泛关注，尤其是在土壤重金属和类金属污染广泛存在的中国南方。通过选育低镉或低砷积累品种来减少大米籽粒中镉和砷的积累非常重要。

结果：为了评估水稻籽粒中镉和砷浓度的遗传和环境变异，研究者在华南三个中度污染点对471个当地适应性高产水稻品种进行了为期两年的试验。糙米中的镉和砷浓度分别变化了10-32倍和2.5-4倍。基因型(G)、环境(E)以及G×E相互作用是解释变异的高度显著因素。研究发现，不同品种的糙米镉浓度与抽穗期呈正相关，而砷浓度与抽穗期呈负相关。籽粒镉和砷浓度之间存在显著的负相关。

结论：基于多位点和季节试验，分别确定了8个和6个稳定的低镉和低砷积累水稻品种。这些品种在华南中度污染稻田种植时，很可能符合中国食品安全标准中关于籽粒镉或砷的限值。"
P10803,Soil organic carbon as functions of slope aspects and soil depths in a semiarid alpine region of Northwest China,中国西北半干旱高寒地区坡向和土层深度对土壤有机碳的影响,与复杂地形相关的高山地区土壤有机碳（SOC）的空间分布具有很大的变异性。然而，半干旱高寒地区山坡尺度上SOC的模式及其地形控制因素尚不清楚。本研究基于中国西北祁连山主要未受干扰区域的实地调查，量化了坡向和深度对SOC的影响。在三座山的南坡、西南坡、西坡和北坡采集了0-10、10-20、20-40和40-60厘米的土壤样品。结果表明，0-60厘米土层的SOC密度在9.73至35.21 kg m−2之间变化，并从南坡向北坡递增。北坡的平均SOC密度分别是南坡、西南坡和西坡的约3.2倍、2.9倍和1.9倍。广义线性模型和混合线性模型均表明，在山坡尺度上，坡向和土壤深度解释了SOC浓度的主要变化。剖面土壤转化函数法表明，SOC随深度和坡向呈规律性变化，预测函数能很好地预测文献中的SOC数据。我们的结果强调了坡向作为SOC指示因子的重要性，并证明转换后的坡向是预测半干旱高寒地区SOC的良好连续变量。
P00880,China’s Coastal Wetlands: Understanding Environmental Changes and Human Impacts for Management and Conservation,中国的海岸湿地：理解环境变化与人为影响以进行管理和保护,
P00905,"Interactive effects of cadmium and copper on metal accumulation, oxidative stress, and mineral composition in Brassica napus",镉和铜对油菜中金属积累、氧化胁迫和矿物成分的交互影响,
P01951,China’s Soil Pollution Control: Choices and Challenges,中国的土壤污染防治：选择与挑战,
P02242,Biochar amendment immobilizes lead in rice paddy soils and reduces its phytoavailability,生物炭改良剂固定稻田土壤中的铅并降低其植物有效性,
P02256,Demarcation of Prime Farmland Protection Areas around a Metropolis Based on High-Resolution Satellite Imagery,基于高分辨率卫星影像的都市圈基本农田保护区划界,基本农田（PF）被定义为优质农田，而基本农田保护区（PFPA，包括相关道路、水域和设施）是指定为特殊保护PF的区域。然而，中国的快速城市化导致了巨大的农田损失和农田质量的退化。基于遥感和地理信息系统技术，本研究开发了一种使用高分辨率卫星影像（HRSI）划定PFPA的半自动程序，涉及基于对象的图像分析、农田综合评价和空间分析。研究发现，HRSI可以提供详细的土地利用信息，PFPA的划定与农田面积和斑块距离显示出很强的相关性。为了有利于空间规划和管理，应在都市圈的郊区和远郊地区应用不同的划定规则。最后，研究区域HRSI分类的总准确率约为80%，评价结果中的优质农田被选为PF。约95%的PF被划在PFPA内。本研究的结果将有助于PFPA规划，所述方法有助于从空间科学的角度自动划定PFPA。
P05714,"Characteristics of heavy metal transfer and their influencing factors in different soil-crop systems of the industrialization region, China",中国工业化地区不同土壤-作物系统中重金属迁移特征及其影响因素,土壤重金属及其在农产品中的生物累积引起了广泛关注，然而不同土壤-作物系统中重金属的迁移和累积特征鲜有研究。本研究采集了中国长江三角洲典型农业区的土壤和作物样品，测定了水稻、小麦和油菜的根、籽粒及土壤中Cu、Pb、Zn、Cd和Hg的浓度。土壤-水稻系统中重金属的迁移能力强于土壤-小麦和土壤-油菜系统。小麦表现出从根部向籽粒转移Zn、Cu和Cd的强能力，而油菜则表现出对Cu和Cd吸收的限制作用。土壤pH和总有机质是影响重金属向水稻迁移的主要因素，而土壤Al2O3含量对小麦和油菜种植系统中重金属的迁移性呈现负面影响。基于逐步多元线性回归模型可以很好地预测作物籽粒中Zn和Cd的浓度，有助于定量评估研究区作物重金属累积的生态风险。
P06513,"Pollution in the urban soils of Lianyungang, China, evaluated using a pollution index, mobility of heavy metals, and enzymatic activities",连云港城市土壤污染评价：污染指数、重金属迁移性及酶活性,采集并分析了中国连云港16个城市站点的土壤样品。利用污染指数评估重金属的潜在生态风险，并利用顺序提取程序评估Cu、Zn、Pb、Cd、Cr和As在可交换态、碳酸盐态、铁/锰氧化物态、有机/硫化物态和残余态中的相对分布。测定了重金属的迁移率以及土壤的脲酶(URE)活性、碱性磷酸酶(ALP)活性和转化酶(INV)活性。结果表明，连云港土壤中Cu、Zn、Pb、Cd、Cr和As的平均浓度远高于江苏和中国沿海城市土壤的背景值。在五个研究区域（公用、商业、工业、旅游和道路）中，工业区的金属浓度最高，表明土地利用对连云港土壤重金属的积累有重大影响。与其他金属相比，Cd表现出最高的生态风险。根据化学分配，Cu与有机物/硫化物相关，Pb和Zn主要存在于碳酸盐和铁/锰氧化物相中。Cd的大部分存在于可交换态和碳酸盐态分数中，而Cr和As主要存在于残余态分数中。Cd的迁移率最高，连云港土壤重金属的迁移率顺序（从高到低）为Cd > Zn > Pb > Cu > As > Cr。不同污染程度站点的土壤脲酶活性、碱性磷酸酶活性和转化酶活性差异很大。路边和工业区的土壤酶活性水平最低。在五个区域的所有土壤数据中，Cu、Z
P06913,"Concentrations, spatial distribution, and risk assessment of soil heavy metals in a Zn-Pb mine district in southern China",中国南方某锌铅矿区土壤重金属的浓度、空间分布及风险评估,"中国是世界上最大的铅锌生产和消费国之一。铅锌开采和冶炼会将Cd、Pb、Zn和As等有害重金属释放到土壤中，通过慢性接触对人体健康造成风险。本研究调查了具有60年开采历史的铅锌矿区土壤样品中Cd、Zn、Pb和As的浓度。采用美国环保局(US EPA)推荐的方法评估了土壤重金属的健康风险。利用地统计学技术(克里金插值)对重金属污染和危害指数(HI)进行了插值分析。结果表明，长期的铅锌开采活动导致当地土壤受到严重污染。表层土壤中Cd、As、Pb和Zn的浓度分别为 $40.3 \pm 6.3$, $103.7 \pm 37.3$, $3518.4 \pm 896.1$ 和 $10,413 \pm 2973.2$ mg/kg (干重)。四种金属的空间分布模式相似，在Aayiken (AYK)、Maseka (MSK)和Kuangshan (KS)区域附近浓度较高，且上风向浓度下降速度快于下风向。Cd和Zn的污染主要集中在0-60 cm土层，Pb在0-40 cm，As在0-20 cm。研究区土壤剖面中金属的迁移性分级为 $Cd > Zn \gg Pb > As$。结果表明，研究区存在较高的健康风险"
P06935,"Heavy metals in composts of China: historical changes, regional variation, and potential impact on soil quality",中国堆肥中的重金属：历史变化、区域差异及其对土壤质量的潜在影响,堆肥被认为是向环境中释放重金属的主要来源之一。本研究旨在通过分析2002年至2013年期间具有代表性的堆肥样品和已发表数据，调查中国堆肥中重金属浓度的历史变化和空间差异。堆肥中镉、铬、铅、砷、汞、锌、镍和铜的平均浓度分别为 2.42、35.52、32.38、16.33、0.32、258.1、9.71 和 72.24 mg/kg。超过中国有机肥料标准 (NY525-2012) 临界水平的样品比例，Cd、As、Pb、Cr 和 Hg 分别为 28.7%、18.3%、9.6%、1.7% 和 0.9%。模型预测，按目前的应用率计算，Cu、Zn、Hg 和 Cd 达到中国环境容量一级标准 (GB15618-1995) 分别需要 18、24、29 和 48 年。在 2002-2013 年期间，堆肥中的 Cd 浓度随时间呈下降趋势，而 Zn、Cu 和 As 的浓度则相反，这可能是由于对这些元素的控制较少或没有控制。中国经济发达地区（建立了更多使用含金属饲料的商业农场）生产的堆肥中，Cu、Zn、As 和 Cd 的浓度通常较高。与自给自足的农场相比，商业农场的粪肥金属浓度通常更高。需要进一步研究以监测从原料
P07052,Spatial distribution and environmental factors of catchment-scale soil heavy metal contamination in the dry-hot valley of Upper Red River in southwestern China,中国西南红河上游干热河谷流域尺度土壤重金属污染的空间分布及环境因子研究,中国西南干热河谷（DHV）严重的土壤侵蚀可能导致红河中的重金属污染。然而，关于干热河谷土壤中重金属的污染水平、空间分布及环境控制因素知之甚少。本文调查了典型干热河谷流域农业土壤中的重金属浓度。在62个位点采集了表层土（0–20 cm）和亚表层土（20–40 cm）样品，测定了土壤物理化学性质（砂粒、粉粒、粘粒和有机质含量）、土壤pH值、容重以及Cr、Ni、Cu、Zn和Pb的浓度。利用DEM计算了每个位点的坡度、坡向、海拔和地形湿度指数等地形因子。利用克里金插值和典范对应分析评估重金属的空间分布及环境控制。结果表明，干热河谷中Cr、Ni、Cu、Zn和Pb的浓度高于全球大多数已报道的农业土壤值，干热河谷可能构成红河重金属污染的潜在来源。就每种重金属而言，表层土和亚表层土中的垂直分布在所有采样点都是相似的。在低海拔和低坡度区域观察到Cr、Ni、Zn和Pb的高浓度，而Cu的空间分布模式与Cr、Ni、Zn和Pb相反。表层土中重金属的浓度受土壤和地形因子共同控制，而亚表层土中主要受土壤相关因子控制。结论认为，高背景值、化肥的无控制使用以及采矿是导致干热河谷地区重金属污染的来源。
P07200,"Heavy metal pollution in soil associated with a large-scale cyanidation gold mining region in southeast of Jilin, China",吉林东南部某大型氰化法金矿区土壤重金属污染研究,不同的金银开采和冶炼过程会导致截然不同的重金属污染模式和结果。本研究考察了中国吉林省某大型氰化法金矿区的重金属污染情况，这与小型的混汞法金矿开采有所区别。研究于2013年6月从矿区地表和尾矿池共采集了20个样品（包括1个背景样品）。分析了样品中Cr、Cu、Zn、Pb、Ni、Cd、As和Hg的重金属浓度、污染程度及来源。金矿区土壤样品中Pb、Hg和Cu的平均浓度（分别为819.67、0.12和46.92 mg kg-1）超过了当地的背景值。Hg的平均含量低于土壤环境质量的一级标准，这表明氰化法有助于减少汞污染。地累积指数和富集因子结果显示，Pb、Cu和Hg存在明显的富集迹象，其中Pb污染严重，Hg和Cu污染程度中等或无污染。多元统计分析表明存在三种金属来源：(1) Pb、Cd、Cu和As来自人为源；(2) Cr和Zn为自然源；(3) Hg和Ni具有人为和自然混合来源。此外，尾矿坝在拦截尾矿方面发挥着重要作用。潜在生态风险评估结果表明，该研究区域对生态健康构成潜在强风险。Pb和Hg（分别因高浓度和高毒性）是风险指数中的主要污染物，吉林海沟金矿的Pb和Hg污染应引起极大关注。
P07240,"Characteristics of maize biochar with different pyrolysis temperatures and its effects on organic carbon, nitrogen and enzymatic activities after addition to fluvo-aquic soil",不同热解温度玉米秸秆生物炭的特性及其对潮土有机碳、氮和酶活性的影响,本研究探讨了不同热解温度（300、450 和 600 °C）下制备的玉米秸秆生物炭的特性，以及施入潮土后对土壤有机碳、氮和酶活性的影响。随着热解温度的升高，生物炭的灰分含量、pH值、电导率、比表面积、孔容积和芳香碳含量增加，而产率、氧碳比、氢碳比和烷基碳含量降低。在培养过程中，与尿素处理相比，所有施用生物炭的处理均提高了土壤有机碳（SOC）、全氮和铵态氮含量；然而，土壤硝态氮含量随施用生物炭热解温度的升高呈现先增加后降低的趋势。与碳转化相关的胞外酶活性在 450 和 600 °C 生物炭处理下呈现先增加后减少的趋势。蛋白酶活性随热解温度升高显著增加，而热解温度对土壤脲酶活性的影响有限。结果表明，胞外酶对生物炭的响应取决于热解温度、酶自身以及培养时间。
P07270,Mercury in forest mushrooms and topsoil from the Yunnan highlands and the subalpine region of the Minya Konka summit in the Eastern Tibetan Plateau,云南高地和青藏高原东部贡嘎山亚高山地区森林蘑菇及表层土壤中的汞,本研究旨在调查和讨论中国西南部两个土壤地球化学、气候和地理条件不同的地区，山地森林中野生大型真菌（子实体）中汞的发生和积累情况。四川贡嘎山（Gongga山）亚高山地区和云南高地的土壤真菌菌丝体在子实体（蘑菇）中有效地积累了汞。云南具有高度矿化的红壤和黄壤的检测点显示，Hg含量在0.066至0.28 mg kg^-1干生物量之间，这与从贡嘎山偏远亚高山地区富含有机质的深色土壤中采集的样品结果大致相似。由于贡嘎山亚高山地区的偏远性以及其海拔和气候，远距离输送产生的气载汞可能会优先沉积在表层土壤上，在子实体下方采集的土壤样品中测得的汞水平高达0.48 mg kg^-1干物质。在云南，具有多金属土壤（环太平洋汞带），鹅膏菌蘑菇的子实体盖中汞含量高达7.3 mg kg^-1干生物量。来自汞带的地质成因Hg似乎是云南地区蘑菇中积累汞的主要来源，而长距离大气输送及其随后的沉积则是贡嘎山地区采集标本的汞来源。
P07276,"Contaminant characteristics and environmental risk assessment of heavy metals in the paddy soils from lead (Pb)-zinc (Zn) mining areas in Guangdong Province, South China",华南广东铅锌矿区水稻土重金属污染特征及环境风险评估,
P07299,Detection of sensitive soil properties related to non-point phosphorus pollution by integrated models of SEDD and PLOAD,基于SEDD和PLOAD综合模型检测与非点源磷污染相关的敏感土壤性质,有效识别与非点源（NPS）磷污染相关的土壤性质对于NPS污染管理至关重要。之前的研究主要集中在与农业非点源污染相关的颗粒态磷负荷上。在快速城市化的地区，溶解态磷负荷对于地表渗透和降雨径流条件可能非常重要。本研究开发了一个综合模型用于分析溶解态磷和颗粒态磷负荷，并将其应用于中国太湖梅梁湾流域。结果显示，NPS磷负荷高达15 kg/km2，其中颗粒态磷负荷高达13 kg/km2。最高负荷集中在流域东南部。尽管颗粒态磷是NPS磷负荷的主要贡献者，但溶解态磷的贡献也很显著，特别是在具有大量人工地表覆盖的子流域中。将溶解态磷和颗粒态磷负荷整合起来，可以更准确地评估NPS磷污染。研究发现NPS磷负荷与特定的土壤性质相对应。土壤有机质和全氮被证明影响溶解态磷负荷，而全磷和土壤颗粒组成比例与颗粒态磷负荷关系更为密切。
P07383,China's Soil Pollution Control: Choices and Challenges,中国土壤污染控制：选择与挑战,
P07404,Seasonal variations in metallic mercury (Hg0) vapor exchange over biannual wheat–corn rotation cropland in the North China Plain,华北平原小麦-玉米轮作农田金属汞蒸汽交换的季节变化,
P07436,"Long-Term Cropping Effects on Agricultural Sustainability in Alar Oasis of Xinjiang, China",新疆阿拉尔绿洲长期耕作对农业可持续性的影响,农业可持续性已成为中国干旱地区的主要关注点。为了更好地了解连作对土壤质量的影响，在新疆阿拉尔绿洲建立了六个试验田，包括未开垦的土地（作为零年处理持续时间）和五个不同连作年限的棉田（分别为5、10、15、20和25年）。选择了13个土壤指标，包括土壤理化性质、养分性质和酶活性。结果显示，棉田连作持续时间显著影响许多土壤性质。根据土壤质量指数（SQI）排序的种植持续时间为：15年（0.828）> 20年（0.816）> 10年（0.668）> 5年（0.548）> 25年（0.377）> 0年（0.205），可持续产量指数（SYI）排序为：10年（0.830）> 15年（0.777）> 20年（0.667）> 5年（0.586）> 25年（0.159）。
