unified_id,factor_id,level1_category,factor_name,application_scenario,applicable_scope,land_type_original,threshold_min,threshold_max,unit,threshold_original,standard_source,source
1,80,化学性质,pH,水田用地,生产用地,生产,6.5,8.0,,东北山丘平原区 6.5-8.0,土壤复垦质量控制标准TD/T1036-2013,production
2,81,化学性质,pH,,生产用地,,6.0,8.5,,中部山地丘陵区 6.0-8.5,土壤复垦质量控制标准TD/T1036-2013,production
3,82,化学性质,pH,,生产用地,,6.5,8.0,,黄淮海平原区 6.5-8.0,土壤复垦质量控制标准TD/T1036-2013,production
4,83,化学性质,pH,,生产用地,,5.5,8.0,,西南山地丘陵区 5.5-8.0,土壤复垦质量控制标准TD/T1036-2013,production
5,84,化学性质,pH,,生产用地,,6.0,8.0,,长江中下游平原区 6.0-8.0,土壤复垦质量控制标准TD/T1036-2013,production
6,85,化学性质,pH,,生产用地,,6.0,8.0,,东南沿海山地丘陵区 6.0-8.0,土壤复垦质量控制标准TD/T1036-2013,production
7,86,化学性质,pH,其他用地,生产用地,生产,6.0,8.5,,北方草原区 6.0-8.5,土壤复垦质量控制标准TD/T1036-2013,production
8,87,化学性质,pH,,生产用地,,6.0,8.5,,东北山丘平原区 6.0-8.5,土壤复垦质量控制标准TD/T1036-2013,production
9,88,化学性质,pH,,生产用地,,6.5,8.5,,西北干旱区 6.5-8.5,土壤复垦质量控制标准TD/T1036-2013,production
10,89,化学性质,pH,,生产用地,,6.0,8.5,,青藏高原区 6.0-8.5,土壤复垦质量控制标准TD/T1036-2013,production
11,90,化学性质,pH,,生产用地,,6.0,8.5,,黄土高原区 6.0-8.5,土壤复垦质量控制标准TD/T1036-2013,production
12,91,化学性质,pH,,生产用地,,5.5,8.5,,中部山地丘陵区 5.5-8.5,土壤复垦质量控制标准TD/T1036-2013,production
13,92,化学性质,pH,,生产用地,,6.0,8.5,,黄淮海平原区 6.0-8.5,土壤复垦质量控制标准TD/T1036-2013,production
14,93,化学性质,pH,,生产用地,,5.0,8.5,,西南山地丘陵区 5.0-8.5,土壤复垦质量控制标准TD/T1036-2013,production
15,94,化学性质,pH,,生产用地,,5.0,8.5,,长江中下游平原区 5.0-8.5,土壤复垦质量控制标准TD/T1036-2013,production
16,95,化学性质,pH,,生产用地,,5.0,8.5,,东南沿海山地丘陵区 5.0-8.5,土壤复垦质量控制标准TD/T1036-2013,production
17,11,化学性质,pH,一般绿地,生态用地,生态,5.0,8.3,,普通绿化区 5.0-8.3,绿化种植土壤CJ/T340-2016,ecological
18,14,化学性质,交换性钠,一般绿地,生态用地,生态,,120.0,mg/kg,耐盐碱种植区 <120mg/kg,绿化种植土壤CJ/T340-2016,ecological
19,15,化学性质,可溶性氯,一般绿地,生态用地,生态,,180.0,,耐盐碱种植区 <180mg/L,绿化种植土壤CJ/T340-2016,ecological
20,16,化学性质,可溶性氯,公园绿地,生态用地,生态,10.0,,,高景观绿化区 >10mg/L,绿化种植土壤CJ/T340-2016,ecological
21,17,化学性质,可溶性硼,一般绿地,生态用地,生态,,1.0,,耐盐碱种植区 <1mg/L,绿化种植土壤CJ/T340-2016,ecological
22,12,化学性质,含盐量,一般绿地,生态用地,生态,0.15,3.0,cm,普通绿化区 0.15-3.0mS/cm,绿化种植土壤CJ/T340-2016,ecological
23,13,化学性质,含盐量,特殊绿地,生态用地,生态,,1.5,g/kg,耐盐碱种植区 ≤1.5g/kg,绿化种植土壤CJ/T340-2016,ecological
24,96,化学性质,电导率,水田用地,生产用地,生产,,2.0,dS/m,东北山丘平原区 ≤2dS/m,土壤复垦质量控制标准TD/T1036-2013,production
25,97,化学性质,电导率,,生产用地,,,2.0,dS/m,中部山地丘陵区 ≤2dS/m,土壤复垦质量控制标准TD/T1036-2013,production
26,98,化学性质,电导率,,生产用地,,,3.0,dS/m,黄淮海平原区 ≤3dS/m,土壤复垦质量控制标准TD/T1036-2013,production
27,99,化学性质,电导率,,生产用地,,,2.0,dS/m,长江中下游平原区 ≤2dS/m,土壤复垦质量控制标准TD/T1036-2013,production
28,100,化学性质,电导率,,生产用地,,,2.0,dS/m,东南沿海山地丘陵区 ≤2dS/m,土壤复垦质量控制标准TD/T1036-2013,production
29,101,化学性质,电导率,其他用地,生产用地,生产,,2.0,dS/m,北方草原区 ≤2dS/m,土壤复垦质量控制标准TD/T1036-2013,production
30,102,化学性质,电导率,,生产用地,,,2.0,dS/m,东北山丘平原区 ≤2dS/m,土壤复垦质量控制标准TD/T1036-2013,production
31,103,化学性质,电导率,,生产用地,,,3.0,dS/m,西北干旱区 ≤3dS/m,土壤复垦质量控制标准TD/T1036-2013,production
32,104,化学性质,电导率,,生产用地,,,2.0,dS/m,青藏高原区 ≤2dS/m,土壤复垦质量控制标准TD/T1036-2013,production
33,105,化学性质,电导率,,生产用地,,,2.0,dS/m,中部山地丘陵区 ≤2dS/m,土壤复垦质量控制标准TD/T1036-2013,production
34,106,化学性质,电导率,,生产用地,,,3.0,dS/m,黄淮海平原区 ≤3dS/m,土壤复垦质量控制标准TD/T1036-2013,production
35,107,化学性质,电导率,,生产用地,,,2.0,dS/m,长江中下游平原区 ≤2dS/m,土壤复垦质量控制标准TD/T1036-2013,production
36,108,化学性质,电导率,,生产用地,,,2.0,dS/m,东南沿海山地丘陵区 ≤2dS/m,土壤复垦质量控制标准TD/T1036-2013,production
37,18,化学性质,钠吸附比,一般绿地,生态用地,生态,,3.0,dS/m,耐盐碱种植区 <3dS/m,绿化种植土壤CJ/T340-2016,ecological
38,19,化学性质,阳离子交换量,一般绿地,生态用地,生态,10.0,,cm,普通绿化区 ≥10cmol (+)/kg,绿化种植土壤CJ/T340-2016,ecological
39,8,物理性质,压实,一般绿地,生态用地,生态,,1.35,,设施绿化区 <1.35Mg/m³,绿化种植土壤CJ/T340-2016,ecological
40,5,物理性质,土壤入渗率,一般绿地,生态用地,生态,5.0,,,普通绿化区 ≥5mm/h,绿化种植土壤CJ/T340-2016,ecological
41,1,物理性质,土壤容重,水田用地,生产用地,生产,,1.3,g/cm³,东北山丘平原区 ≤1.3g/cm³,土壤复垦质量控制标准TD/T1036-2013,production
42,2,物理性质,土壤容重,,生产用地,,,1.35,g/cm³,中部山地丘陵区 ≤1.35g/cm³,土壤复垦质量控制标准TD/T1036-2013,production
43,3,物理性质,土壤容重,,生产用地,,,1.35,g/cm³,黄淮海平原区 ≤1.35g/cm³,土壤复垦质量控制标准TD/T1036-2013,production
44,4,物理性质,土壤容重,,生产用地,,,1.35,g/cm³,西南山地丘陵区 ≤1.35g/cm³,土壤复垦质量控制标准TD/T1036-2013,production
45,5,物理性质,土壤容重,,生产用地,,,1.35,g/cm³,长江中下游平原区 ≤1.35g/cm³,土壤复垦质量控制标准TD/T1036-2013,production
46,6,物理性质,土壤容重,,生产用地,,,1.4,g/cm³,东南沿海山地丘陵区 ≤1.4g/cm³,土壤复垦质量控制标准TD/T1036-2013,production
47,7,物理性质,土壤容重,其他用地,生产用地,生产,,1.5,g/cm³,北方草原区 ≤1.5g/cm³,土壤复垦质量控制标准TD/T1036-2013,production
48,8,物理性质,土壤容重,,生产用地,,,1.45,g/cm³,东北山丘平原区 ≤1.45g/cm³,土壤复垦质量控制标准TD/T1036-2013,production
49,9,物理性质,土壤容重,,生产用地,,,1.55,g/cm³,西北干旱区 ≤1.55g/cm³,土壤复垦质量控制标准TD/T1036-2013,production
50,10,物理性质,土壤容重,,生产用地,,,1.55,g/cm³,青藏高原区 ≤1.55g/cm³,土壤复垦质量控制标准TD/T1036-2013,production
51,11,物理性质,土壤容重,,生产用地,,,1.5,g/cm³,黄土高原区 ≤1.5g/cm³,土壤复垦质量控制标准TD/T1036-2013,production
52,12,物理性质,土壤容重,,生产用地,,,1.5,g/cm³,中部山地丘陵区 ≤1.5g/cm³,土壤复垦质量控制标准TD/T1036-2013,production
53,13,物理性质,土壤容重,,生产用地,,,1.5,g/cm³,黄淮海平原区 ≤1.5g/cm³,土壤复垦质量控制标准TD/T1036-2013,production
54,14,物理性质,土壤容重,,生产用地,,,1.5,g/cm³,西南山地丘陵区 ≤1.5g/cm³,土壤复垦质量控制标准TD/T1036-2013,production
55,15,物理性质,土壤容重,,生产用地,,,1.5,g/cm³,长江中下游平原区 ≤1.5g/cm³,土壤复垦质量控制标准TD/T1036-2013,production
56,16,物理性质,土壤容重,,生产用地,,,1.5,g/cm³,东南沿海山地丘陵区 ≤1.5g/cm³,土壤复垦质量控制标准TD/T1036-2013,production
57,1,物理性质,土壤容重,一般绿地,生态用地,生态,1.0,1.35,g/cm³,普通绿化区 1.0-1.35g/cm³,园林绿化工程施工及验收规范CJ/J82-2012,ecological
58,2,物理性质,土壤粒径,一般绿地,生态用地,生态,,5.0,cm,普通绿化区 ≤5cm,园林绿化工程施工及验收规范CJ/J82-2012,ecological
59,17,物理性质,土壤质地,水田用地,生产用地,生产,,,,东北山丘平原区 砂质壤土至砂质粘土,土壤复垦质量控制标准TD/T1036-2013,production
60,18,物理性质,土壤质地,,生产用地,,,,,中部山地丘陵区 砂质壤土至砂质粘土,土壤复垦质量控制标准TD/T1036-2013,production
61,19,物理性质,土壤质地,,生产用地,,,,,黄淮海平原区 壤土至壤质粘土,土壤复垦质量控制标准TD/T1036-2013,production
62,20,物理性质,土壤质地,,生产用地,,,,,西南山地丘陵区 砂质壤土至壤质粘土,土壤复垦质量控制标准TD/T1036-2013,production
63,21,物理性质,土壤质地,,生产用地,,,,,长江中下游平原区 砂质壤土至壤质粘土,土壤复垦质量控制标准TD/T1036-2013,production
64,22,物理性质,土壤质地,,生产用地,,,,,东南沿海山地丘陵区 砂质壤土至壤质粘土,土壤复垦质量控制标准TD/T1036-2013,production
65,23,物理性质,土壤质地,其他用地,生产用地,生产,,,,北方草原区 砂土至砂质粘土,土壤复垦质量控制标准TD/T1036-2013,production
66,24,物理性质,土壤质地,,生产用地,,,,,东北山丘平原区 砂土至砂质粘土,土壤复垦质量控制标准TD/T1036-2013,production
67,25,物理性质,土壤质地,,生产用地,,,,,西北干旱区 砂土至砂质粘土,土壤复垦质量控制标准TD/T1036-2013,production
68,26,物理性质,土壤质地,,生产用地,,,,,青藏高原区 砂土至砂质粘土,土壤复垦质量控制标准TD/T1036-2013,production
69,27,物理性质,土壤质地,,生产用地,,,,,黄土高原区 砂土至砂质粘土,土壤复垦质量控制标准TD/T1036-2013,production
70,28,物理性质,土壤质地,,生产用地,,,,,中部山地丘陵区 砂土至粉粘土,土壤复垦质量控制标准TD/T1036-2013,production
71,29,物理性质,土壤质地,,生产用地,,,,,黄淮海平原区 砂土至砂质粘土,土壤复垦质量控制标准TD/T1036-2013,production
72,30,物理性质,土壤质地,,生产用地,,,,,西南山地丘陵区 砂土至壤质粘土,土壤复垦质量控制标准TD/T1036-2013,production
73,31,物理性质,土壤质地,,生产用地,,,,,长江中下游平原区 砂土至砂质粘土,土壤复垦质量控制标准TD/T1036-2013,production
74,32,物理性质,土壤质地,,生产用地,,,,,东南沿海山地丘陵区 砂土至壤质砂土,土壤复垦质量控制标准TD/T1036-2013,production
75,33,物理性质,坡度,水田用地,生产用地,生产,,6.0,,东北山丘平原区 ≤6°,土壤复垦质量控制标准TD/T1036-2013,production
76,34,物理性质,坡度,,生产用地,,,15.0,,黄淮海平原区 ≤15°,土壤复垦质量控制标准TD/T1036-2013,production
77,35,物理性质,坡度,,生产用地,,,15.0,,西南山地丘陵区 ≤15°,土壤复垦质量控制标准TD/T1036-2013,production
78,36,物理性质,坡度,,生产用地,,,6.0,,长江中下游平原区 ≤6°,土壤复垦质量控制标准TD/T1036-2013,production
79,37,物理性质,坡度,,生产用地,,,15.0,,东南沿海山地丘陵区 ≤15°,土壤复垦质量控制标准TD/T1036-2013,production
80,38,物理性质,坡度,其他用地,生产用地,生产,,25.0,,北方草原区 ≤25°,土壤复垦质量控制标准TD/T1036-2013,production
81,39,物理性质,坡度,,生产用地,,,15.0,,东北山丘平原区 ≤15°,土壤复垦质量控制标准TD/T1036-2013,production
82,40,物理性质,坡度,,生产用地,,,20.0,,西北干旱区 ≤20°,土壤复垦质量控制标准TD/T1036-2013,production
83,41,物理性质,坡度,,生产用地,,,25.0,,青藏高原区 ≤25°,土壤复垦质量控制标准TD/T1036-2013,production
84,42,物理性质,坡度,,生产用地,,,25.0,,黄土高原区 ≤25°,土壤复垦质量控制标准TD/T1036-2013,production
85,43,物理性质,坡度,,生产用地,,,25.0,,中部山地丘陵区 ≤25°,土壤复垦质量控制标准TD/T1036-2013,production
86,44,物理性质,坡度,,生产用地,,,20.0,,黄淮海平原区 ≤20°,土壤复垦质量控制标准TD/T1036-2013,production
87,45,物理性质,坡度,,生产用地,,,25.0,,西南山地丘陵区 ≤25°,土壤复垦质量控制标准TD/T1036-2013,production
88,46,物理性质,坡度,,生产用地,,,20.0,,长江中下游平原区 ≤20°,土壤复垦质量控制标准TD/T1036-2013,production
89,47,物理性质,坡度,,生产用地,,,25.0,,东南沿海山地丘陵区 ≤25°,土壤复垦质量控制标准TD/T1036-2013,production
90,6,物理性质,坡度,一般绿地,生态用地,生态,0.17,0.17,,普通绿化区 0.17°-0.29°,园林绿化工程施工及验收规范CJ/J82-2012,ecological
91,9,物理性质,孔隙度,一般绿地,生态用地,生态,5.0,25.0,%,普通绿化区 5-25%,绿化种植土壤CJ/T340-2016,ecological
92,7,物理性质,密度,一般绿地,生态用地,生态,,0.5,,普通绿化区 ≤0.5Mg/m³,绿化种植土壤CJ/T340-2016,ecological
93,10,物理性质,最大湿密度,一般绿地,生态用地,生态,,0.8,,普通绿化区 ≤0.8Mg/m³,绿化种植土壤CJ/T340-2016,ecological
94,48,物理性质,有效土层,水田用地,生产用地,生产,100.0,,cm,东北山丘平原区 ≥100cm,土壤复垦质量控制标准TD/T1036-2013,production
95,49,物理性质,有效土层,,生产用地,,60.0,,cm,中部山地丘陵区 ≥60cm,土壤复垦质量控制标准TD/T1036-2013,production
96,50,物理性质,有效土层,,生产用地,,80.0,,cm,黄淮海平原区 ≥80cm,土壤复垦质量控制标准TD/T1036-2013,production
97,51,物理性质,有效土层,,生产用地,,50.0,,cm,西南山地丘陵区 ≥50cm,土壤复垦质量控制标准TD/T1036-2013,production
98,52,物理性质,有效土层,,生产用地,,60.0,,cm,长江中下游平原区 ≥60cm,土壤复垦质量控制标准TD/T1036-2013,production
99,53,物理性质,有效土层,,生产用地,,40.0,,cm,东南沿海山地丘陵区 ≥40cm,土壤复垦质量控制标准TD/T1036-2013,production
100,54,物理性质,有效土层,其他用地,生产用地,生产,30.0,,cm,北方草原区 ≥30cm,土壤复垦质量控制标准TD/T1036-2013,production
101,55,物理性质,有效土层,,生产用地,,30.0,,cm,东北山丘平原区 ≥30cm,土壤复垦质量控制标准TD/T1036-2013,production
102,56,物理性质,有效土层,,生产用地,,10.0,,cm,西北干旱区 ≥10cm,土壤复垦质量控制标准TD/T1036-2013,production
103,57,物理性质,有效土层,,生产用地,,10.0,,cm,青藏高原区 ≥10cm,土壤复垦质量控制标准TD/T1036-2013,production
104,58,物理性质,有效土层,,生产用地,,30.0,,cm,黄土高原区 ≥30cm,土壤复垦质量控制标准TD/T1036-2013,production
105,59,物理性质,有效土层,,生产用地,,30.0,,cm,中部山地丘陵区 ≥30cm,土壤复垦质量控制标准TD/T1036-2013,production
106,60,物理性质,有效土层,,生产用地,,30.0,,cm,黄淮海平原区 ≥30cm,土壤复垦质量控制标准TD/T1036-2013,production
107,61,物理性质,有效土层,,生产用地,,10.0,,cm,西南山地丘陵区 ≥10cm,土壤复垦质量控制标准TD/T1036-2013,production
108,62,物理性质,有效土层,,生产用地,,30.0,,cm,长江中下游平原区 ≥30cm,土壤复垦质量控制标准TD/T1036-2013,production
109,63,物理性质,有效土层,,生产用地,,20.0,,cm,东南沿海山地丘陵区 ≥20cm,土壤复垦质量控制标准TD/T1036-2013,production
110,3,物理性质,有效土层,一般绿地,生态用地,生态,15.0,,cm,设施绿化区 ≥15cm,园林绿化工程施工及验收规范CJ/J82-2012,ecological
111,4,物理性质,有效土层,,生态用地,,30.0,,cm,普通绿化区 ≥30cm,园林绿化工程施工及验收规范CJ/J82-2012,ecological
112,64,物理性质,砾石含量,水田用地,生产用地,生产,,5.0,%,东北山丘平原区 ≤5%,土壤复垦质量控制标准TD/T1036-2013,production
113,65,物理性质,砾石含量,,生产用地,,,10.0,%,中部山地丘陵区 ≤10%,土壤复垦质量控制标准TD/T1036-2013,production
114,66,物理性质,砾石含量,,生产用地,,,5.0,%,黄淮海平原区 ≤5%,土壤复垦质量控制标准TD/T1036-2013,production
115,67,物理性质,砾石含量,,生产用地,,,10.0,%,西南山地丘陵区 ≤10%,土壤复垦质量控制标准TD/T1036-2013,production
116,68,物理性质,砾石含量,,生产用地,,,5.0,%,长江中下游平原区 ≤5%,土壤复垦质量控制标准TD/T1036-2013,production
117,69,物理性质,砾石含量,,生产用地,,,20.0,%,东南沿海山地丘陵区 ≤20%,土壤复垦质量控制标准TD/T1036-2013,production
118,70,物理性质,砾石含量,其他用地,生产用地,生产,,25.0,%,北方草原区 ≤25%,土壤复垦质量控制标准TD/T1036-2013,production
119,71,物理性质,砾石含量,,生产用地,,,20.0,%,东北山丘平原区 ≤20%,土壤复垦质量控制标准TD/T1036-2013,production
120,72,物理性质,砾石含量,,生产用地,,,50.0,%,西北干旱区 ≤50%,土壤复垦质量控制标准TD/T1036-2013,production
121,73,物理性质,砾石含量,,生产用地,,,50.0,%,青藏高原区 ≤50%,土壤复垦质量控制标准TD/T1036-2013,production
122,74,物理性质,砾石含量,,生产用地,,,25.0,%,黄土高原区 ≤25%,土壤复垦质量控制标准TD/T1036-2013,production
123,75,物理性质,砾石含量,,生产用地,,,30.0,%,中部山地丘陵区 ≤30%,土壤复垦质量控制标准TD/T1036-2013,production
124,76,物理性质,砾石含量,,生产用地,,,25.0,%,黄淮海平原区 ≤25%,土壤复垦质量控制标准TD/T1036-2013,production
125,77,物理性质,砾石含量,,生产用地,,,50.0,%,西南山地丘陵区 ≤50%,土壤复垦质量控制标准TD/T1036-2013,production
126,78,物理性质,砾石含量,,生产用地,,,20.0,%,长江中下游平原区 ≤20%,土壤复垦质量控制标准TD/T1036-2013,production
127,79,物理性质,砾石含量,,生产用地,,,25.0,%,东南沿海山地丘陵区 ≤25%,土壤复垦质量控制标准TD/T1036-2013,production
128,95,环境指标,"1,1,1,2-四氯乙烷",一般绿地,生态用地,生态,,10.0,mg/kg,二类用地区≤10mg/kg,质量建设用地土壤污染风险管控标准GB36600-2018,ecological
129,96,环境指标,"1,1,1,2-四氯乙烷",特殊绿地,生态用地,生态,,2.6,mg/kg,一类用地区≤2.6mg/kg,质量建设用地土壤污染风险管控标准GB36600-2018,ecological
130,101,环境指标,"1,1,1-三氯乙烷",一般绿地,生态用地,生态,,840.0,mg/kg,二类用地区≤840mg/kg,质量建设用地土壤污染风险管控标准GB36600-2018,ecological
131,102,环境指标,"1,1,1-三氯乙烷",特殊绿地,生态用地,生态,,701.0,mg/kg,一类用地区≤701mg/kg,质量建设用地土壤污染风险管控标准GB36600-2018,ecological
132,97,环境指标,"1,1,2,2-四氯乙烷",一般绿地,生态用地,生态,,6.8,mg/kg,二类用地区≤6.8mg/kg,质量建设用地土壤污染风险管控标准GB36600-2018,ecological
133,98,环境指标,"1,1,2,2-四氯乙烷",特殊绿地,生态用地,生态,,1.6,mg/kg,一类用地区≤1.6mg/kg,质量建设用地土壤污染风险管控标准GB36600-2018,ecological
134,103,环境指标,"1,1,2-三氯乙烷",一般绿地,生态用地,生态,,2.8,mg/kg,二类用地区≤2.8mg/kg,质量建设用地土壤污染风险管控标准GB36600-2018,ecological
135,104,环境指标,"1,1,2-三氯乙烷",特殊绿地,生态用地,生态,,0.6,mg/kg,一类用地区≤0.6mg/kg,质量建设用地土壤污染风险管控标准GB36600-2018,ecological
136,85,环境指标,"1,1-二氯乙烯",一般绿地,生态用地,生态,,66.0,mg/kg,二类用地区≤66mg/kg,质量建设用地土壤污染风险管控标准GB36600-2018,ecological
137,86,环境指标,"1,1-二氯乙烯",特殊绿地,生态用地,生态,,12.0,mg/kg,一类用地区≤12mg/kg,质量建设用地土壤污染风险管控标准GB36600-2018,ecological
138,81,环境指标,"1,1-二氯乙烷",一般绿地,生态用地,生态,,9.0,mg/kg,二类用地区≤9mg/kg,质量建设用地土壤污染风险管控标准GB36600-2018,ecological
139,82,环境指标,"1,1-二氯乙烷",特殊绿地,生态用地,生态,,3.0,mg/kg,一类用地区≤3mg/kg,质量建设用地土壤污染风险管控标准GB36600-2018,ecological
140,107,环境指标,"1,2,3-三氯丙烷",一般绿地,生态用地,生态,,0.5,mg/kg,二类用地区≤0.5mg/kg,质量建设用地土壤污染风险管控标准GB36600-2018,ecological
141,108,环境指标,"1,2,3-三氯丙烷",特殊绿地,生态用地,生态,,0.05,mg/kg,一类用地区≤0.05mg/kg,质量建设用地土壤污染风险管控标准GB36600-2018,ecological
142,93,环境指标,"1,2-二氯丙烷",一般绿地,生态用地,生态,,5.0,mg/kg,二类用地区≤5mg/kg,质量建设用地土壤污染风险管控标准GB36600-2018,ecological
143,94,环境指标,"1,2-二氯丙烷",特殊绿地,生态用地,生态,,1.0,mg/kg,一类用地区≤1mg/kg,质量建设用地土壤污染风险管控标准GB36600-2018,ecological
144,83,环境指标,"1,2-二氯乙烷",一般绿地,生态用地,生态,,5.0,mg/kg,二类用地区≤5mg/kg,质量建设用地土壤污染风险管控标准GB36600-2018,ecological
145,84,环境指标,"1,2-二氯乙烷",特殊绿地,生态用地,生态,,0.52,mg/kg,一类用地区≤0.52mg/kg,质量建设用地土壤污染风险管控标准GB36600-2018,ecological
146,115,环境指标,"1,2-二氯苯",一般绿地,生态用地,生态,,560.0,mg/kg,二类用地区≤560mg/kg,质量建设用地土壤污染风险管控标准GB36600-2018,ecological
147,116,环境指标,"1,2-二氯苯",特殊绿地,生态用地,生态,,560.0,mg/kg,一类用地区≤560mg/kg,质量建设用地土壤污染风险管控标准GB36600-2018,ecological
148,157,环境指标,"1,2-二溴乙烷",一般绿地,生态用地,生态,,0.24,mg/kg,二类用地区≤0.24mg/kg,质量建设用地土壤污染风险管控标准GB36600-2018,ecological
149,158,环境指标,"1,2-二溴乙烷",特殊绿地,生态用地,生态,,0.07,mg/kg,一类用地区≤0.07mg/kg,质量建设用地土壤污染风险管控标准GB36600-2018,ecological
150,117,环境指标,"1,4-二氯苯",一般绿地,生态用地,生态,,20.0,mg/kg,二类用地区≤20mg/kg,质量建设用地土壤污染风险管控标准GB36600-2018,ecological
151,118,环境指标,"1,4-二氯苯",特殊绿地,生态用地,生态,,5.6,mg/kg,一类用地区≤5.6mg/kg,质量建设用地土壤污染风险管控标准GB36600-2018,ecological
152,165,环境指标,"2,4,6-三氯酚",一般绿地,生态用地,生态,,137.0,mg/kg,二类用地区≤137mg/kg,质量建设用地土壤污染风险管控标准GB36600-2018,ecological
153,166,环境指标,"2,4,6-三氯酚",特殊绿地,生态用地,生态,,39.0,mg/kg,一类用地区≤39mg/kg,质量建设用地土壤污染风险管控标准GB36600-2018,ecological
154,163,环境指标,"2,4-二氯酚",一般绿地,生态用地,生态,,843.0,mg/kg,二类用地区≤843mg/kg,质量建设用地土壤污染风险管控标准GB36600-2018,ecological
155,164,环境指标,"2,4-二氯酚",特殊绿地,生态用地,生态,,117.0,mg/kg,一类用地区≤117mg/kg,质量建设用地土壤污染风险管控标准GB36600-2018,ecological
156,161,环境指标,"2,4-二硝基甲苯",一般绿地,生态用地,生态,,5.2,mg/kg,二类用地区≤5.2mg/kg,质量建设用地土壤污染风险管控标准GB36600-2018,ecological
157,162,环境指标,"2,4-二硝基甲苯",特殊绿地,生态用地,生态,,1.8,mg/kg,一类用地区≤1.8mg/kg,质量建设用地土壤污染风险管控标准GB36600-2018,ecological
158,167,环境指标,"2,4-二硝基酚",一般绿地,生态用地,生态,,562.0,mg/kg,二类用地区≤562mg/kg,质量建设用地土壤污染风险管控标准GB36600-2018,ecological
159,168,环境指标,"2,4-二硝基酚",特殊绿地,生态用地,生态,,78.0,mg/kg,一类用地区≤78mg/kg,质量建设用地土壤污染风险管控标准GB36600-2018,ecological
160,133,环境指标,2-氯酚,一般绿地,生态用地,生态,,2256.0,mg/kg,二类用地区≤2256mg/kg,质量建设用地土壤污染风险管控标准GB36600-2018,ecological
161,134,环境指标,2-氯酚,特殊绿地,生态用地,生态,,250.0,mg/kg,一类用地区≤250mg/kg,质量建设用地土壤污染风险管控标准GB36600-2018,ecological
162,177,环境指标,"3,3'-二氯联苯胺",一般绿地,生态用地,生态,,3.6,mg/kg,二类用地区≤3.6mg/kg,质量建设用地土壤污染风险管控标准GB36600-2018,ecological
163,178,环境指标,"3,3'-二氯联苯胺",特殊绿地,生态用地,生态,,1.3,mg/kg,一类用地区≤1.3mg/kg,质量建设用地土壤污染风险管控标准GB36600-2018,ecological
164,209,环境指标,"3,3'4,4',5-五氯联苯(PCB126)",一般绿地,生态用地,生态,,1.0,mg/kg,二类用地区≤1×10⁻⁴mg/kg,质量建设用地土壤污染风险管控标准GB36600-2018,ecological
165,210,环境指标,"3,3'4,4',5-五氯联苯(PCB126)",特殊绿地,生态用地,生态,,4.0,mg/kg,一类用地区≤4×10⁻⁵mg/kg,质量建设用地土壤污染风险管控标准GB36600-2018,ecological
166,211,环境指标,"3,3'4,4'5,5'-六氯联苯(PCB169)",一般绿地,生态用地,生态,,4.0,mg/kg,二类用地区≤4×10⁻⁴mg/kg,质量建设用地土壤污染风险管控标准GB36600-2018,ecological
167,212,环境指标,"3,3'4,4'5,5'-六氯联苯(PCB169)",特殊绿地,生态用地,生态,,1.0,mg/kg,一类用地区≤1×10⁻⁴mg/kg,质量建设用地土壤污染风险管控标准GB36600-2018,ecological
168,185,环境指标,"p,p'-滴滴伊",一般绿地,生态用地,生态,,7.0,mg/kg,二类用地区≤7mg/kg,质量建设用地土壤污染风险管控标准GB36600-2018,ecological
169,186,环境指标,"p,p'-滴滴伊",特殊绿地,生态用地,生态,,2.0,mg/kg,一类用地区≤2mg/kg,质量建设用地土壤污染风险管控标准GB36600-2018,ecological
170,183,环境指标,"p,p'-滴滴滴",一般绿地,生态用地,生态,,7.1,mg/kg,二类用地区≤7.1mg/kg,质量建设用地土壤污染风险管控标准GB36600-2018,ecological
171,184,环境指标,"p,p'-滴滴滴",特殊绿地,生态用地,生态,,2.5,mg/kg,一类用地区≤2.5mg/kg,质量建设用地土壤污染风险管控标准GB36600-2018,ecological
172,197,环境指标,α-六六六,一般绿地,生态用地,生态,,0.3,mg/kg,二类用地区≤0.3mg/kg,质量建设用地土壤污染风险管控标准GB36600-2018,ecological
173,198,环境指标,α-六六六,特殊绿地,生态用地,生态,,0.09,mg/kg,一类用地区≤0.09mg/kg,质量建设用地土壤污染风险管控标准GB36600-2018,ecological
174,199,环境指标,β-六六六,一般绿地,生态用地,生态,,0.92,mg/kg,二类用地区≤0.92mg/kg,质量建设用地土壤污染风险管控标准GB36600-2018,ecological
175,200,环境指标,β-六六六,特殊绿地,生态用地,生态,,0.32,mg/kg,一类用地区≤0.32mg/kg,质量建设用地土壤污染风险管控标准GB36600-2018,ecological
176,201,环境指标,γ-六六六,一般绿地,生态用地,生态,,1.9,mg/kg,二类用地区≤1.9mg/kg,质量建设用地土壤污染风险管控标准GB36600-2018,ecological
177,202,环境指标,γ-六六六,特殊绿地,生态用地,生态,,0.62,mg/kg,一类用地区≤0.62mg/kg,质量建设用地土壤污染风险管控标准GB36600-2018,ecological
178,143,环境指标,䓛,一般绿地,生态用地,生态,,1293.0,mg/kg,二类用地区≤1293mg/kg,质量建设用地土壤污染风险管控标准GB36600-2018,ecological
179,144,环境指标,䓛,特殊绿地,生态用地,生态,,490.0,mg/kg,一类用地区≤490mg/kg,质量建设用地土壤污染风险管控标准GB36600-2018,ecological
180,151,环境指标,一溴二氯甲烷,一般绿地,生态用地,生态,,1.2,mg/kg,二类用地区≤1.2mg/kg,质量建设用地土壤污染风险管控标准GB36600-2018,ecological
181,152,环境指标,一溴二氯甲烷,特殊绿地,生态用地,生态,,0.29,mg/kg,一类用地区≤0.29mg/kg,质量建设用地土壤污染风险管控标准GB36600-2018,ecological
182,195,环境指标,七氯,一般绿地,生态用地,生态,,0.37,mg/kg,二类用地区≤0.37mg/kg,质量建设用地土壤污染风险管控标准GB36600-2018,ecological
183,196,环境指标,七氯,特殊绿地,生态用地,生态,,0.13,mg/kg,一类用地区≤0.13mg/kg,质量建设用地土壤污染风险管控标准GB36600-2018,ecological
184,105,环境指标,三氯乙烯,一般绿地,生态用地,生态,,2.8,mg/kg,二类用地区≤2.8mg/kg,质量建设用地土壤污染风险管控标准GB36600-2018,ecological
185,106,环境指标,三氯乙烯,特殊绿地,生态用地,生态,,0.7,mg/kg,一类用地区≤0.7mg/kg,质量建设用地土壤污染风险管控标准GB36600-2018,ecological
186,191,环境指标,乐果,一般绿地,生态用地,生态,,619.0,mg/kg,二类用地区≤619mg/kg,质量建设用地土壤污染风险管控标准GB36600-2018,ecological
187,192,环境指标,乐果,特殊绿地,生态用地,生态,,86.0,mg/kg,一类用地区≤86mg/kg,质量建设用地土壤污染风险管控标准GB36600-2018,ecological
188,119,环境指标,乙苯,一般绿地,生态用地,生态,,28.0,mg/kg,二类用地区≤28mg/kg,质量建设用地土壤污染风险管控标准GB36600-2018,ecological
189,120,环境指标,乙苯,特殊绿地,生态用地,生态,,7.2,mg/kg,一类用地区≤7.2mg/kg,质量建设用地土壤污染风险管控标准GB36600-2018,ecological
190,213,环境指标,二噁英类(总毒性当量),一般绿地,生态用地,生态,,4.0,mg/kg,二类用地区≤4×10⁻⁵mg/kg,质量建设用地土壤污染风险管控标准GB36600-2018,ecological
191,214,环境指标,二噁英类(总毒性当量),特殊绿地,生态用地,生态,,1.0,mg/kg,一类用地区≤1×10⁻⁵mg/kg,质量建设用地土壤污染风险管控标准GB36600-2018,ecological
192,91,环境指标,二氯甲烷,一般绿地,生态用地,生态,,616.0,mg/kg,二类用地区≤616mg/kg,质量建设用地土壤污染风险管控标准GB36600-2018,ecological
193,92,环境指标,二氯甲烷,特殊绿地,生态用地,生态,,94.0,mg/kg,一类用地区≤94mg/kg,质量建设用地土壤污染风险管控标准GB36600-2018,ecological
194,155,环境指标,二溴氯甲烷,一般绿地,生态用地,生态,,33.0,mg/kg,二类用地区≤33mg/kg,质量建设用地土壤污染风险管控标准GB36600-2018,ecological
195,156,环境指标,二溴氯甲烷,特殊绿地,生态用地,生态,,9.3,mg/kg,一类用地区≤9.3mg/kg,质量建设用地土壤污染风险管控标准GB36600-2018,ecological
196,145,环境指标,"二苯并[a,h]蒽",一般绿地,生态用地,生态,,1.5,mg/kg,二类用地区≤1.5mg/kg,质量建设用地土壤污染风险管控标准GB36600-2018,ecological
197,146,环境指标,"二苯并[a,h]蒽",特殊绿地,生态用地,生态,,0.55,mg/kg,一类用地区≤0.55mg/kg,质量建设用地土壤污染风险管控标准GB36600-2018,ecological
198,169,环境指标,五氯酚,一般绿地,生态用地,生态,,2.7,mg/kg,二类用地区≤2.7mg/kg,质量建设用地土壤污染风险管控标准GB36600-2018,ecological
199,170,环境指标,五氯酚,特殊绿地,生态用地,生态,,1.1,mg/kg,一类用地区≤1.1mg/kg,质量建设用地土壤污染风险管控标准GB36600-2018,ecological
200,181,环境指标,六六六总量,农用地通用,生产用地,生产,,0.1,mg/kg,全国通用，pH无区分，≤0.1mg/kg,土壤环境质量农用土壤污染风险管控标准GB15618-2018,production
201,159,环境指标,六氯环戊二烯,一般绿地,生态用地,生态,,5.2,mg/kg,二类用地区≤5.2mg/kg,质量建设用地土壤污染风险管控标准GB36600-2018,ecological
202,160,环境指标,六氯环戊二烯,特殊绿地,生态用地,生态,,1.1,mg/kg,一类用地区≤1.1mg/kg,质量建设用地土壤污染风险管控标准GB36600-2018,ecological
203,203,环境指标,六氯苯,一般绿地,生态用地,生态,,1.0,mg/kg,二类用地区≤1mg/kg,质量建设用地土壤污染风险管控标准GB36600-2018,ecological
204,204,环境指标,六氯苯,特殊绿地,生态用地,生态,,0.33,mg/kg,一类用地区≤0.33mg/kg,质量建设用地土壤污染风险管控标准GB36600-2018,ecological
205,89,环境指标,"反-1,2-二氯乙烯",一般绿地,生态用地,生态,,54.0,mg/kg,二类用地区≤54mg/kg,质量建设用地土壤污染风险管控标准GB36600-2018,ecological
206,90,环境指标,"反-1,2-二氯乙烯",特殊绿地,生态用地,生态,,10.0,mg/kg,一类用地区≤10mg/kg,质量建设用地土壤污染风险管控标准GB36600-2018,ecological
207,99,环境指标,四氯乙烯,一般绿地,生态用地,生态,,53.0,mg/kg,二类用地区≤53mg/kg,质量建设用地土壤污染风险管控标准GB36600-2018,ecological
208,100,环境指标,四氯乙烯,特殊绿地,生态用地,生态,,11.0,mg/kg,一类用地区≤11mg/kg,质量建设用地土壤污染风险管控标准GB36600-2018,ecological
209,75,环境指标,四氯化碳,一般绿地,生态用地,生态,,2.8,mg/kg,二类用地区≤2.8mg/kg,质量建设用地土壤污染风险管控标准GB36600-2018,ecological
210,76,环境指标,四氯化碳,特殊绿地,生态用地,生态,,0.9,mg/kg,一类用地区≤0.9mg/kg,质量建设用地土壤污染风险管控标准GB36600-2018,ecological
211,207,环境指标,多氯联苯(总量),一般绿地,生态用地,生态,,0.38,mg/kg,二类用地区≤0.38mg/kg,质量建设用地土壤污染风险管控标准GB36600-2018,ecological
212,208,环境指标,多氯联苯(总量),特殊绿地,生态用地,生态,,0.14,mg/kg,一类用地区≤0.14mg/kg,质量建设用地土壤污染风险管控标准GB36600-2018,ecological
213,215,环境指标,多溴联苯(总量),一般绿地,生态用地,生态,,0.06,mg/kg,二类用地区≤0.06mg/kg,质量建设用地土壤污染风险管控标准GB36600-2018,ecological
214,216,环境指标,多溴联苯(总量),特殊绿地,生态用地,生态,,0.02,mg/kg,一类用地区≤0.02mg/kg,质量建设用地土壤污染风险管控标准GB36600-2018,ecological
215,189,环境指标,敌敌畏,一般绿地,生态用地,生态,,5.0,mg/kg,二类用地区≤5mg/kg,质量建设用地土壤污染风险管控标准GB36600-2018,ecological
216,190,环境指标,敌敌畏,特殊绿地,生态用地,生态,,1.8,mg/kg,一类用地区≤1.8mg/kg,质量建设用地土壤污染风险管控标准GB36600-2018,ecological
217,181,环境指标,氯丹,一般绿地,生态用地,生态,,6.2,mg/kg,二类用地区≤6.2mg/kg,质量建设用地土壤污染风险管控标准GB36600-2018,ecological
218,182,环境指标,氯丹,特殊绿地,生态用地,生态,,2.0,mg/kg,一类用地区≤2mg/kg,质量建设用地土壤污染风险管控标准GB36600-2018,ecological
219,109,环境指标,氯乙烯,一般绿地,生态用地,生态,,0.43,mg/kg,二类用地区≤0.43mg/kg,质量建设用地土壤污染风险管控标准GB36600-2018,ecological
220,110,环境指标,氯乙烯,特殊绿地,生态用地,生态,,0.12,mg/kg,一类用地区≤0.12mg/kg,质量建设用地土壤污染风险管控标准GB36600-2018,ecological
221,77,环境指标,氯仿,一般绿地,生态用地,生态,,0.9,mg/kg,二类用地区≤0.9mg/kg,质量建设用地土壤污染风险管控标准GB36600-2018,ecological
222,78,环境指标,氯仿,特殊绿地,生态用地,生态,,0.3,mg/kg,一类用地区≤0.3mg/kg,质量建设用地土壤污染风险管控标准GB36600-2018,ecological
223,79,环境指标,氯甲烷,一般绿地,生态用地,生态,,12.0,mg/kg,一类用地区≤12mg/kg,质量建设用地土壤污染风险管控标准GB36600-2018,ecological
224,80,环境指标,氯甲烷,特殊绿地,生态用地,生态,,37.0,mg/kg,二类用地区≤37mg/kg,质量建设用地土壤污染风险管控标准GB36600-2018,ecological
225,113,环境指标,氯苯,一般绿地,生态用地,生态,,68.0,mg/kg,一类用地区≤68mg/kg,质量建设用地土壤污染风险管控标准GB36600-2018,ecological
226,114,环境指标,氯苯,特殊绿地,生态用地,生态,,270.0,mg/kg,二类用地区≤270mg/kg,质量建设用地土壤污染风险管控标准GB36600-2018,ecological
227,73,环境指标,氰化物,一般绿地,生态用地,生态,,135.0,mg/kg,二类用地区≤135mg/kg,质量建设用地土壤污染风险管控标准GB36600-2018,ecological
228,74,环境指标,氰化物,特殊绿地,生态用地,生态,,22.0,mg/kg,一类用地区≤22mg/kg,质量建设用地土壤污染风险管控标准GB36600-2018,ecological
229,133,环境指标,汞,水田用地,生产用地,生产,,5.5,mg/kg,全国通用，pH≤5.5时，≤0.5mg/kg,土壤环境质量农用土壤污染风险管控标准GB15618-2018,production
230,134,环境指标,汞,,生产用地,,,6.5,mg/kg,全国通用，5.5<pH≤6.5时，≤0.5mg/kg,土壤环境质量农用土壤污染风险管控标准GB15618-2018,production
231,135,环境指标,汞,,生产用地,,,7.5,mg/kg,全国通用，6.5<pH≤7.5时，≤0.6mg/kg,土壤环境质量农用土壤污染风险管控标准GB15618-2018,production
232,136,环境指标,汞,,生产用地,,7.5,,mg/kg,全国通用，pH>7.5时，≤1mg/kg,土壤环境质量农用土壤污染风险管控标准GB15618-2018,production
233,137,环境指标,汞,其他用地,生产用地,生产,,5.5,mg/kg,全国通用，pH≤5.5时，≤1.3mg/kg,土壤环境质量农用土壤污染风险管控标准GB15618-2018,production
234,138,环境指标,汞,,生产用地,,,6.5,mg/kg,全国通用，5.5<pH≤6.5时，≤1.8mg/kg,土壤环境质量农用土壤污染风险管控标准GB15618-2018,production
235,139,环境指标,汞,,生产用地,,,7.5,mg/kg,全国通用，6.5<pH≤7.5时，≤2.4mg/kg,土壤环境质量农用土壤污染风险管控标准GB15618-2018,production
236,140,环境指标,汞,,生产用地,,7.5,,mg/kg,全国通用，pH>7.5时，≤3.4mg/kg,土壤环境质量农用土壤污染风险管控标准GB15618-2018,production
237,53,环境指标,汞,一般绿地,生态用地,生态,0.6,2.0,mg/kg,其他绿地0.6-2mg/kg,绿化种植土壤CJ/T340-2016,ecological
238,54,环境指标,汞,,生态用地,生态,,38.0,mg/kg,二类用地区≤38mg/kg,质量建设用地土壤污染风险管控标准GB36600-2018,ecological
239,55,环境指标,汞,特殊绿地,生态用地,生态,,0.4,mg/kg,自然保育区≤0.40mg/kg,绿化种植土壤CJ/T340-2016,ecological
240,56,环境指标,汞,,生态用地,生态,,8.0,mg/kg,一类用地区≤8mg/kg,质量建设用地土壤污染风险管控标准GB36600-2018,ecological
241,153,环境指标,溴仿,一般绿地,生态用地,生态,,103.0,mg/kg,二类用地区≤103mg/kg,质量建设用地土壤污染风险管控标准GB36600-2018,ecological
242,154,环境指标,溴仿,特殊绿地,生态用地,生态,,32.0,mg/kg,一类用地区≤32mg/kg,质量建设用地土壤污染风险管控标准GB36600-2018,ecological
243,187,环境指标,滴滴涕,一般绿地,生态用地,生态,,6.7,mg/kg,二类用地区≤6.7mg/kg,质量建设用地土壤污染风险管控标准GB36600-2018,ecological
244,188,环境指标,滴滴涕,特殊绿地,生态用地,生态,,2.0,mg/kg,一类用地区≤2mg/kg,质量建设用地土壤污染风险管控标准GB36600-2018,ecological
245,182,环境指标,滴滴涕总量,农用地通用,生产用地,生产,,0.1,mg/kg,全国通用，pH无区分，≤0.1mg/kg,土壤环境质量农用土壤污染风险管控标准GB15618-2018,production
246,205,环境指标,灭蚁灵,一般绿地,生态用地,生态,,0.09,mg/kg,二类用地区≤0.09mg/kg,质量建设用地土壤污染风险管控标准GB36600-2018,ecological
247,206,环境指标,灭蚁灵,特殊绿地,生态用地,生态,,0.03,mg/kg,一类用地区≤0.03mg/kg,质量建设用地土壤污染风险管控标准GB36600-2018,ecological
248,71,环境指标,甲基汞,一般绿地,生态用地,生态,,45.0,mg/kg,二类用地区≤45mg/kg,质量建设用地土壤污染风险管控标准GB36600-2018,ecological
249,72,环境指标,甲基汞,特殊绿地,生态用地,生态,,5.0,mg/kg,一类用地区≤5mg/kg,质量建设用地土壤污染风险管控标准GB36600-2018,ecological
250,123,环境指标,甲苯,一般绿地,生态用地,生态,,1200.0,mg/kg,二类用地区≤1200mg/kg,质量建设用地土壤污染风险管控标准GB36600-2018,ecological
251,124,环境指标,甲苯,特殊绿地,生态用地,生态,,1200.0,mg/kg,一类用地区≤1200mg/kg,质量建设用地土壤污染风险管控标准GB36600-2018,ecological
252,217,环境指标,石油烃(C10-C40),一般绿地,生态用地,生态,,4500.0,mg/kg,二类用地区≤4500mg/kg,质量建设用地土壤污染风险管控标准GB36600-2018,ecological
253,218,环境指标,石油烃(C10-C40),特殊绿地,生态用地,生态,,826.0,mg/kg,一类用地区≤826mg/kg,质量建设用地土壤污染风险管控标准GB36600-2018,ecological
254,141,环境指标,砷,水田用地,生产用地,生产,,5.5,mg/kg,全国通用，pH≤5.5时，≤30mg/kg,土壤环境质量农用土壤污染风险管控标准GB15618-2018,production
255,142,环境指标,砷,,生产用地,,,6.5,mg/kg,全国通用，5.5<pH≤6.5时，≤30mg/kg,土壤环境质量农用土壤污染风险管控标准GB15618-2018,production
256,143,环境指标,砷,,生产用地,,,7.5,mg/kg,全国通用，6.5<pH≤7.5时，≤25mg/kg,土壤环境质量农用土壤污染风险管控标准GB15618-2018,production
257,144,环境指标,砷,,生产用地,,7.5,,mg/kg,全国通用，pH>7.5时，≤20mg/kg,土壤环境质量农用土壤污染风险管控标准GB15618-2018,production
258,145,环境指标,砷,其他用地,生产用地,生产,,5.5,mg/kg,全国通用，pH≤5.5时，≤40mg/kg,土壤环境质量农用土壤污染风险管控标准GB15618-2018,production
259,146,环境指标,砷,,生产用地,,,6.5,mg/kg,全国通用，5.5<pH≤6.5时，≤40mg/kg,土壤环境质量农用土壤污染风险管控标准GB15618-2018,production
260,147,环境指标,砷,,生产用地,,,7.5,mg/kg,全国通用，6.5<pH≤7.5时，≤30mg/kg,土壤环境质量农用土壤污染风险管控标准GB15618-2018,production
261,148,环境指标,砷,,生产用地,,7.5,,mg/kg,全国通用，pH>7.5时，≤25mg/kg,土壤环境质量农用土壤污染风险管控标准GB15618-2018,production
262,33,环境指标,砷,一般绿地,生态用地,生态,35.0,45.0,mg/kg,其他绿地35-45mg/kg,绿化种植土壤CJ/T340-2016,ecological
263,34,环境指标,砷,,生态用地,生态,,60.0,mg/kg,二类用地区≤60mg/kg,质量建设用地土壤污染风险管控标准GB36600-2018,ecological
264,35,环境指标,砷,特殊绿地,生态用地,生态,,30.0,mg/kg,自然保育区≤30mg/kg,绿化种植土壤CJ/T340-2016,ecological
265,36,环境指标,砷,,生态用地,生态,,20.0,mg/kg,一类用地区≤20mg/kg,质量建设用地土壤污染风险管控标准GB36600-2018,ecological
266,129,环境指标,硝基苯,一般绿地,生态用地,生态,,76.0,mg/kg,二类用地区≤76mg/kg,质量建设用地土壤污染风险管控标准GB36600-2018,ecological
267,130,环境指标,硝基苯,特殊绿地,生态用地,生态,,34.0,mg/kg,一类用地区≤34mg/kg,质量建设用地土壤污染风险管控标准GB36600-2018,ecological
268,193,环境指标,硫丹,一般绿地,生态用地,生态,,1687.0,mg/kg,二类用地区≤1687mg/kg,质量建设用地土壤污染风险管控标准GB36600-2018,ecological
269,194,环境指标,硫丹,特殊绿地,生态用地,生态,,234.0,mg/kg,一类用地区≤234mg/kg,质量建设用地土壤污染风险管控标准GB36600-2018,ecological
270,111,环境指标,苯,一般绿地,生态用地,生态,,4.0,mg/kg,二类用地区≤4mg/kg,质量建设用地土壤污染风险管控标准GB36600-2018,ecological
271,112,环境指标,苯,特殊绿地,生态用地,生态,,1.0,mg/kg,一类用地区≤1mg/kg,质量建设用地土壤污染风险管控标准GB36600-2018,ecological
272,121,环境指标,苯乙烯,一般绿地,生态用地,生态,,1290.0,mg/kg,二类用地区≤1290mg/kg,质量建设用地土壤污染风险管控标准GB36600-2018,ecological
273,122,环境指标,苯乙烯,特殊绿地,生态用地,生态,,1290.0,mg/kg,一类用地区≤1290mg/kg,质量建设用地土壤污染风险管控标准GB36600-2018,ecological
274,183,环境指标,苯并 [a] 芘,农用地通用,生产用地,生产,,0.55,mg/kg,全国通用，pH无区分，≤0.55mg/kg,土壤环境质量农用土壤污染风险管控标准GB15618-2018,production
275,137,环境指标,苯并[a]芘,一般绿地,生态用地,生态,,1.5,mg/kg,二类用地区≤1.5mg/kg,质量建设用地土壤污染风险管控标准GB36600-2018,ecological
276,138,环境指标,苯并[a]芘,特殊绿地,生态用地,生态,,0.55,mg/kg,一类用地区≤0.55mg/kg,质量建设用地土壤污染风险管控标准GB36600-2018,ecological
277,135,环境指标,苯并[a]蒽,一般绿地,生态用地,生态,,15.0,mg/kg,二类用地区≤15mg/kg,质量建设用地土壤污染风险管控标准GB36600-2018,ecological
278,136,环境指标,苯并[a]蒽,特殊绿地,生态用地,生态,,5.5,mg/kg,一类用地区≤5.5mg/kg,质量建设用地土壤污染风险管控标准GB36600-2018,ecological
279,139,环境指标,苯并[b]荧蒽,一般绿地,生态用地,生态,,15.0,mg/kg,二类用地区≤15mg/kg,质量建设用地土壤污染风险管控标准GB36600-2018,ecological
280,140,环境指标,苯并[b]荧蒽,特殊绿地,生态用地,生态,,5.5,mg/kg,一类用地区≤5.5mg/kg,质量建设用地土壤污染风险管控标准GB36600-2018,ecological
281,141,环境指标,苯并[k]荧蒽,一般绿地,生态用地,生态,,151.0,mg/kg,二类用地区≤151mg/kg,质量建设用地土壤污染风险管控标准GB36600-2018,ecological
282,142,环境指标,苯并[k]荧蒽,特殊绿地,生态用地,生态,,55.0,mg/kg,一类用地区≤55mg/kg,质量建设用地土壤污染风险管控标准GB36600-2018,ecological
283,131,环境指标,苯胺,一般绿地,生态用地,生态,,260.0,mg/kg,二类用地区≤260mg/kg,质量建设用地土壤污染风险管控标准GB36600-2018,ecological
284,132,环境指标,苯胺,特殊绿地,生态用地,生态,,92.0,mg/kg,一类用地区≤92mg/kg,质量建设用地土壤污染风险管控标准GB36600-2018,ecological
285,147,环境指标,"茚并[1,2,3-cd]芘",一般绿地,生态用地,生态,,15.0,mg/kg,二类用地区≤15mg/kg,质量建设用地土壤污染风险管控标准GB36600-2018,ecological
286,148,环境指标,"茚并[1,2,3-cd]芘",特殊绿地,生态用地,生态,,5.5,mg/kg,一类用地区≤5.5mg/kg,质量建设用地土壤污染风险管控标准GB36600-2018,ecological
287,149,环境指标,萘,一般绿地,生态用地,生态,,70.0,mg/kg,二类用地区≤70mg/kg,质量建设用地土壤污染风险管控标准GB36600-2018,ecological
288,150,环境指标,萘,特殊绿地,生态用地,生态,,25.0,mg/kg,一类用地区≤25mg/kg,质量建设用地土壤污染风险管控标准GB36600-2018,ecological
289,127,环境指标,邻-二甲苯,一般绿地,生态用地,生态,,640.0,mg/kg,二类用地区≤640mg/kg,质量建设用地土壤污染风险管控标准GB36600-2018,ecological
290,128,环境指标,邻-二甲苯,特殊绿地,生态用地,生态,,222.0,mg/kg,一类用地区≤222mg/kg,质量建设用地土壤污染风险管控标准GB36600-2018,ecological
291,173,环境指标,邻苯二甲酸丁基苄酯,一般绿地,生态用地,生态,,900.0,mg/kg,二类用地区≤900mg/kg,质量建设用地土壤污染风险管控标准GB36600-2018,ecological
292,174,环境指标,邻苯二甲酸丁基苄酯,特殊绿地,生态用地,生态,,312.0,mg/kg,一类用地区≤312mg/kg,质量建设用地土壤污染风险管控标准GB36600-2018,ecological
293,171,环境指标,邻苯二甲酸二(2-乙基己基)酯,一般绿地,生态用地,生态,,121.0,mg/kg,二类用地区≤121mg/kg,质量建设用地土壤污染风险管控标准GB36600-2018,ecological
294,172,环境指标,邻苯二甲酸二(2-乙基己基)酯,特殊绿地,生态用地,生态,,42.0,mg/kg,一类用地区≤42mg/kg,质量建设用地土壤污染风险管控标准GB36600-2018,ecological
295,175,环境指标,邻苯二甲酸二正辛酯,一般绿地,生态用地,生态,,2812.0,mg/kg,二类用地区≤2812mg/kg,质量建设用地土壤污染风险管控标准GB36600-2018,ecological
296,176,环境指标,邻苯二甲酸二正辛酯,特殊绿地,生态用地,生态,,390.0,mg/kg,一类用地区≤390mg/kg,质量建设用地土壤污染风险管控标准GB36600-2018,ecological
297,69,环境指标,钒,一般绿地,生态用地,生态,,752.0,mg/kg,二类用地区≤752mg/kg,质量建设用地土壤污染风险管控标准GB36600-2018,ecological
298,70,环境指标,钒,特殊绿地,生态用地,生态,,165.0,mg/kg,一类用地区≤165mg/kg,质量建设用地土壤污染风险管控标准GB36600-2018,ecological
299,67,环境指标,钴,一般绿地,生态用地,生态,,70.0,mg/kg,二类用地区≤70mg/kg,质量建设用地土壤污染风险管控标准GB36600-2018,ecological
300,68,环境指标,钴,特殊绿地,生态用地,生态,,20.0,mg/kg,一类用地区≤20mg/kg,质量建设用地土壤污染风险管控标准GB36600-2018,ecological
301,149,环境指标,铅,水田用地,生产用地,生产,,5.5,mg/kg,全国通用，pH≤5.5时，≤80mg/kg,土壤环境质量农用土壤污染风险管控标准GB15618-2018,production
302,150,环境指标,铅,,生产用地,,,6.5,mg/kg,全国通用，5.5<pH≤6.5时，≤100mg/kg,土壤环境质量农用土壤污染风险管控标准GB15618-2018,production
303,151,环境指标,铅,,生产用地,,,7.5,mg/kg,全国通用，6.5<pH≤7.5时，≤140mg/kg,土壤环境质量农用土壤污染风险管控标准GB15618-2018,production
304,152,环境指标,铅,,生产用地,,7.5,,mg/kg,全国通用，pH>7.5时，≤240mg/kg,土壤环境质量农用土壤污染风险管控标准GB15618-2018,production
305,153,环境指标,铅,其他用地,生产用地,生产,,5.5,mg/kg,全国通用，pH≤5.5时，≤70mg/kg,土壤环境质量农用土壤污染风险管控标准GB15618-2018,production
306,154,环境指标,铅,,生产用地,,,6.5,mg/kg,全国通用，5.5<pH≤6.5时，≤90mg/kg,土壤环境质量农用土壤污染风险管控标准GB15618-2018,production
307,155,环境指标,铅,,生产用地,,,7.5,mg/kg,全国通用，6.5<pH≤7.5时，≤120mg/kg,土壤环境质量农用土壤污染风险管控标准GB15618-2018,production
308,156,环境指标,铅,,生产用地,,7.5,,mg/kg,全国通用，pH>7.5时，≤170mg/kg,土壤环境质量农用土壤污染风险管控标准GB15618-2018,production
309,49,环境指标,铅,一般绿地,生态用地,生态,200.0,530.0,mg/kg,其他绿地200-530mg/kg,绿化种植土壤CJ/T340-2016,ecological
310,50,环境指标,铅,,生态用地,生态,,800.0,mg/kg,二类用地区≤800mg/kg,质量建设用地土壤污染风险管控标准GB36600-2018,ecological
311,51,环境指标,铅,特殊绿地,生态用地,生态,,85.0,mg/kg,自然保育区≤85mg/kg,绿化种植土壤CJ/T340-2016,ecological
312,52,环境指标,铅,,生态用地,生态,,400.0,mg/kg,一类用地区≤400mg/kg,质量建设用地土壤污染风险管控标准GB36600-2018,ecological
313,65,环境指标,铍,一般绿地,生态用地,生态,,29.0,mg/kg,二类用地区≤29mg/kg,质量建设用地土壤污染风险管控标准GB36600-2018,ecological
314,66,环境指标,铍,特殊绿地,生态用地,生态,,15.0,mg/kg,一类用地区≤15mg/kg,质量建设用地土壤污染风险管控标准GB36600-2018,ecological
315,165,环境指标,铜,果园用地,生产用地,生产,,5.5,mg/kg,全国通用，pH≤5.5时，≤150mg/kg,土壤环境质量农用土壤污染风险管控标准GB15618-2018,production
316,166,环境指标,铜,,生产用地,,,6.5,mg/kg,全国通用，5.5<pH≤6.5时，≤150mg/kg,土壤环境质量农用土壤污染风险管控标准GB15618-2018,production
317,167,环境指标,铜,,生产用地,,,7.5,mg/kg,全国通用，6.5<pH≤7.5时，≤200mg/kg,土壤环境质量农用土壤污染风险管控标准GB15618-2018,production
318,168,环境指标,铜,,生产用地,,7.5,,mg/kg,全国通用，pH>7.5时，≤200mg/kg,土壤环境质量农用土壤污染风险管控标准GB15618-2018,production
319,169,环境指标,铜,其他用地,生产用地,生产,,5.5,mg/kg,全国通用，pH≤5.5时，≤50mg/kg,土壤环境质量农用土壤污染风险管控标准GB15618-2018,production
320,170,环境指标,铜,,生产用地,,,6.5,mg/kg,全国通用，5.5<pH≤6.5时，≤50mg/kg,土壤环境质量农用土壤污染风险管控标准GB15618-2018,production
321,171,环境指标,铜,,生产用地,,,7.5,mg/kg,全国通用，6.5<pH≤7.5时，≤100mg/kg,土壤环境质量农用土壤污染风险管控标准GB15618-2018,production
322,172,环境指标,铜,,生产用地,,7.5,,mg/kg,全国通用，pH>7.5时，≤100mg/kg,土壤环境质量农用土壤污染风险管控标准GB15618-2018,production
323,45,环境指标,铜,一般绿地,生态用地,生态,150.0,600.0,mg/kg,其他绿地150-600mg/kg,绿化种植土壤CJ/T340-2016,ecological
324,46,环境指标,铜,,生态用地,生态,,18000.0,mg/kg,二类用地区≤18000mg/kg,质量建设用地土壤污染风险管控标准GB36600-2018,ecological
325,47,环境指标,铜,特殊绿地,生态用地,生态,,40.0,mg/kg,自然保育区≤40mg/kg,绿化种植土壤CJ/T340-2016,ecological
326,48,环境指标,铜,,生态用地,生态,,2000.0,mg/kg,一类用地区≤2000mg/kg,质量建设用地土壤污染风险管控标准GB36600-2018,ecological
327,157,环境指标,铬,水田用地,生产用地,生产,,5.5,mg/kg,全国通用，pH≤5.5时，≤250mg/kg,土壤环境质量农用土壤污染风险管控标准GB15618-2018,production
328,158,环境指标,铬,,生产用地,,,6.5,mg/kg,全国通用，5.5<pH≤6.5时，≤250mg/kg,土壤环境质量农用土壤污染风险管控标准GB15618-2018,production
329,159,环境指标,铬,,生产用地,,,7.5,mg/kg,全国通用，6.5<pH≤7.5时，≤300mg/kg,土壤环境质量农用土壤污染风险管控标准GB15618-2018,production
330,160,环境指标,铬,,生产用地,,7.5,,mg/kg,全国通用，pH>7.5时，≤350mg/kg,土壤环境质量农用土壤污染风险管控标准GB15618-2018,production
331,161,环境指标,铬,其他用地,生产用地,生产,,5.5,mg/kg,全国通用，pH≤5.5时，≤150mg/kg,土壤环境质量农用土壤污染风险管控标准GB15618-2018,production
332,162,环境指标,铬,,生产用地,,,6.5,mg/kg,全国通用，5.5<pH≤6.5时，≤150mg/kg,土壤环境质量农用土壤污染风险管控标准GB15618-2018,production
333,163,环境指标,铬,,生产用地,,,7.5,mg/kg,全国通用，6.5<pH≤7.5时，≤200mg/kg,土壤环境质量农用土壤污染风险管控标准GB15618-2018,production
334,164,环境指标,铬,,生产用地,,7.5,,mg/kg,全国通用，pH>7.5时，≤250mg/kg,土壤环境质量农用土壤污染风险管控标准GB15618-2018,production
335,41,环境指标,铬,一般绿地,生态用地,生态,150.0,400.0,mg/kg,其他绿地150-400mg/kg,绿化种植土壤CJ/T340-2016,ecological
336,42,环境指标,铬,特殊绿地,生态用地,生态,,100.0,mg/kg,自然保育区≤100mg/kg,绿化种植土壤CJ/T340-2016,ecological
337,43,环境指标,铬(六价),一般绿地,生态用地,生态,,5.7,mg/kg,二类用地区≤5.7mg/kg,质量建设用地土壤污染风险管控标准GB36600-2018,ecological
338,44,环境指标,铬(六价),特殊绿地,生态用地,生态,,3.0,mg/kg,一类用地区≤3mg/kg,质量建设用地土壤污染风险管控标准GB36600-2018,ecological
339,177,环境指标,锌,农用地通用,生产用地,生产,,5.5,mg/kg,全国通用，pH≤5.5时，≤200mg/kg,土壤环境质量农用土壤污染风险管控标准GB15618-2018,production
340,178,环境指标,锌,,生产用地,,,6.5,mg/kg,全国通用，5.5<pH≤6.5时，≤200mg/kg,土壤环境质量农用土壤污染风险管控标准GB15618-2018,production
341,179,环境指标,锌,,生产用地,,,7.5,mg/kg,全国通用，6.5<pH≤7.5时，≤250mg/kg,土壤环境质量农用土壤污染风险管控标准GB15618-2018,production
342,180,环境指标,锌,,生产用地,,7.5,,mg/kg,全国通用，pH>7.5时，≤300mg/kg,土壤环境质量农用土壤污染风险管控标准GB15618-2018,production
343,61,环境指标,锌,一般绿地,生态用地,生态,250.0,800.0,mg/kg,其他绿地250-800mg/kg,绿化种植土壤CJ/T340-2016,ecological
344,62,环境指标,锌,特殊绿地,生态用地,生态,,150.0,mg/kg,自然保育区≤150mg/kg,绿化种植土壤CJ/T340-2016,ecological
345,63,环境指标,锑,一般绿地,生态用地,生态,,180.0,mg/kg,二类用地区≤180mg/kg,质量建设用地土壤污染风险管控标准GB36600-2018,ecological
346,64,环境指标,锑,特殊绿地,生态用地,生态,,20.0,mg/kg,一类用地区≤20mg/kg,质量建设用地土壤污染风险管控标准GB36600-2018,ecological
347,125,环境指标,镉,水田用地,生产用地,生产,,5.5,mg/kg,全国通用，pH≤5.5时，≤0.3mg/kg,土壤环境质量农用土壤污染风险管控标准GB15618-2018,production
348,126,环境指标,镉,,生产用地,,,6.5,mg/kg,全国通用，5.5<pH≤6.5时，≤0.4mg/kg,土壤环境质量农用土壤污染风险管控标准GB15618-2018,production
349,127,环境指标,镉,,生产用地,,,7.5,mg/kg,全国通用，6.5<pH≤7.5时，≤0.6mg/kg,土壤环境质量农用土壤污染风险管控标准GB15618-2018,production
350,128,环境指标,镉,,生产用地,,7.5,,mg/kg,全国通用，pH>7.5时，≤0.8mg/kg,土壤环境质量农用土壤污染风险管控标准GB15618-2018,production
351,129,环境指标,镉,其他用地,生产用地,生产,,5.5,mg/kg,全国通用，pH≤5.5时，≤0.3mg/kg,土壤环境质量农用土壤污染风险管控标准GB15618-2018,production
352,130,环境指标,镉,,生产用地,,,6.5,mg/kg,全国通用，5.5<pH≤6.5时，≤0.3mg/kg,土壤环境质量农用土壤污染风险管控标准GB15618-2018,production
353,131,环境指标,镉,,生产用地,,,7.5,mg/kg,全国通用，6.5<pH≤7.5时，≤0.3mg/kg,土壤环境质量农用土壤污染风险管控标准GB15618-2018,production
354,132,环境指标,镉,,生产用地,,7.5,,mg/kg,全国通用，pH>7.5时，≤0.6mg/kg,土壤环境质量农用土壤污染风险管控标准GB15618-2018,production
355,37,环境指标,镉,一般绿地,生态用地,生态,0.6,2.0,mg/kg,其他绿地0.6-2mg/kg,绿化种植土壤CJ/T340-2016,ecological
356,38,环境指标,镉,,生态用地,生态,,65.0,mg/kg,二类用地区≤65mg/kg,质量建设用地土壤污染风险管控标准GB36600-2018,ecological
357,39,环境指标,镉,特殊绿地,生态用地,生态,,0.4,mg/kg,自然保育区≤0.40mg/kg,绿化种植土壤CJ/T340-2016,ecological
358,40,环境指标,镉,,生态用地,生态,,20.0,mg/kg,一类用地区≤20mg/kg,质量建设用地土壤污染风险管控标准GB36600-2018,ecological
359,173,环境指标,镍,农用地通用,生产用地,生产,,5.5,mg/kg,全国通用，pH≤5.5时，≤60mg/kg,土壤环境质量农用土壤污染风险管控标准GB15618-2018,production
360,174,环境指标,镍,,生产用地,,,6.5,mg/kg,全国通用，5.5<pH≤6.5时，≤70mg/kg,土壤环境质量农用土壤污染风险管控标准GB15618-2018,production
361,175,环境指标,镍,,生产用地,,,7.5,mg/kg,全国通用，6.5<pH≤7.5时，≤100mg/kg,土壤环境质量农用土壤污染风险管控标准GB15618-2018,production
362,176,环境指标,镍,,生产用地,,7.5,,mg/kg,全国通用，pH>7.5时，≤190mg/kg,土壤环境质量农用土壤污染风险管控标准GB15618-2018,production
363,57,环境指标,镍,一般绿地,生态用地,生态,50.0,220.0,mg/kg,其他绿地50-220mg/kg,绿化种植土壤CJ/T340-2016,ecological
364,58,环境指标,镍,,生态用地,生态,,900.0,mg/kg,二类用地区≤900mg/kg,质量建设用地土壤污染风险管控标准GB36600-2018,ecological
365,59,环境指标,镍,特殊绿地,生态用地,生态,,40.0,mg/kg,自然保育区≤40mg/kg,绿化种植土壤CJ/T340-2016,ecological
366,60,环境指标,镍,,生态用地,生态,,150.0,mg/kg,一类用地区≤150mg/kg,质量建设用地土壤污染风险管控标准GB36600-2018,ecological
367,125,环境指标,间-二甲苯+对-二甲苯,一般绿地,生态用地,生态,,570.0,mg/kg,二类用地区≤570mg/kg,质量建设用地土壤污染风险管控标准GB36600-2018,ecological
368,126,环境指标,间-二甲苯+对-二甲苯,特殊绿地,生态用地,生态,,163.0,mg/kg,一类用地区≤163mg/kg,质量建设用地土壤污染风险管控标准GB36600-2018,ecological
369,179,环境指标,阿特拉津,一般绿地,生态用地,生态,,7.4,mg/kg,二类用地区≤7.4mg/kg,质量建设用地土壤污染风险管控标准GB36600-2018,ecological
370,180,环境指标,阿特拉津,特殊绿地,生态用地,生态,,2.6,mg/kg,一类用地区≤2.6mg/kg,质量建设用地土壤污染风险管控标准GB36600-2018,ecological
371,87,环境指标,"顺-1,2-二氯乙烯",一般绿地,生态用地,生态,,596.0,mg/kg,二类用地区≤596mg/kg,质量建设用地土壤污染风险管控标准GB36600-2018,ecological
372,88,环境指标,"顺-1,2-二氯乙烯",特殊绿地,生态用地,生态,,66.0,mg/kg,一类用地区≤66mg/kg,质量建设用地土壤污染风险管控标准GB36600-2018,ecological
373,219,生物指标,发芽指数,一般绿地,生态用地,生态,80.0,,%,普通绿化区 >80%,绿化种植土壤CJ/T340-2016,ecological
374,"注：
区域定义（含核心管控导向）：
普通绿化区：以基础生态覆盖为核心的绿地，包括道路绿化带、工厂附属绿地、社区外围绿地等，管控重点为土壤基础理化指标（如 pH、有效土层、入渗率），满足植物存活基本需求（依据 CJ/T 340-2016 “普通绿化区” 阈值）；
耐盐碱种植区：受盐碱化影响的特殊绿地，包括滨海绿地、厂区次生盐碱绿地、盐碱地修复绿地等，管控重点为含盐量、交换性钠、钠吸附比等盐害指标（依据 CJ/T 340-2016 耐盐碱相关要求）；
高景观绿化区：兼具景观展示与生态功能的绿地，包括植物园、城市核心花坛、生物滞留池、公园主景观区等，管控重点为肥力指标（如阳离子交换量、有机质、水解性氮等）与景观适配性（如石砾粒径），需满足 CJ/T 340-2016 “高景观绿化区” 必测 / 选测要求；
设施绿化区：非常规场地绿化，包括屋顶绿化、地下顶面绿化、垂直绿化（构筑物壁面）等，管控重点为有效土层厚度（按植物类型区分：乔木≥80cm、灌木≥45cm、草坪≥15cm）、土壤密度（防荷载超限），依据 CJJ 82-2012 设施绿化相关要求；
自然保育区：以生态保护为首要目标的绿地，包括水源涵养林、自然保护区绿地、生态修复核心区等，管控重点为重金属低限值（CJ/T 340-2016 I 级）与原生土壤结构保护，避免人为干预破坏生态平衡；
一类用地绿地：人群高频接触的敏感绿地，包括住宅区内绿地、学校操场绿地、儿童公园、养老院附属绿地等，管控重点为污染物安全阈值（GB 36600-2018 “一类用地筛选值”），防范重金属、挥发性有机物通过接触 / 扬尘影响人体健康；
二类用地绿地：人群低接触或功能性绿地，包括商业街区绿地、工业厂区绿地、仓储区周边绿地等，管控重点为基础生态功能（如滞尘、降噪），污染物指标可按 GB 36600-2018 “二类用地筛选值” 放宽，优先保障植物存活；
污染管控区：潜在 / 历史污染绿地，包括废弃矿地、工业遗留场地修复绿地、污染土壤改良绿地等，管控重点为毒害重金属（砷、镉、铬、铅、汞）与特征污染物（如挥发性卤代烃），需符合 CJ/T 340-2016 IV 级或 GB 36600-2018 对应污染修复限值。
公园绿地指标选取规则：
应用场景中未单独列明的公园绿地，需按功能分区选取阈值：公园内花坛、专类园、生物滞留池等 “高景观功能区”，按 “高景观绿化区” 阈值执行；公园内普通游步道两侧、非景观核心区等 “基础绿化区”，按 “一般绿地” 阈值执行；儿童活动区、老人休憩区等 “人群高频接触区”，需额外符合 “一类用地绿地” 污染物限值。
一般绿地指标取舍规则：
应用场景中明确不含 “一般绿地”（核心场景为基础生态绿化，如道路基础绿化带、社区非景观绿地）的障碍因子时，仅针对非绿化主导功能区域（如绿地内纯硬化配套区、临时堆土区）可不予考虑；若场景涉及植物种植（即使非核心景观），仍需优先保障一般绿地的主控指标（pH、有效土层、入渗率、有机质）达标，避免因指标缺失导致植物生长异常。",生物指标,发芽指数,,生态用地,,,,,,,ecological
375,23,肥力指标,有效硫,公园绿地,生态用地,生态,20.0,500.0,mg/kg,高景观绿化区 20-500mg/kg,绿化种植土壤CJ/T340-2016,ecological
376,24,肥力指标,有效磷,一般绿地,生态用地,生态,5.0,60.0,mg/kg,普通绿化区 5-60mg/kg,绿化种植土壤CJ/T340-2016,ecological
377,25,肥力指标,有效钙,公园绿地,生态用地,生态,200.0,500.0,mg/kg,高景观绿化区 200-500mg/kg,绿化种植土壤CJ/T340-2016,ecological
378,26,肥力指标,有效钼,公园绿地,生态用地,生态,0.04,2.0,mg/kg,高景观绿化区 0.04-2mg/kg,绿化种植土壤CJ/T340-2016,ecological
379,27,肥力指标,有效铁,公园绿地,生态用地,生态,4.0,350.0,mg/kg,高景观绿化区 4-350mg/kg,绿化种植土壤CJ/T340-2016,ecological
380,28,肥力指标,有效铜,公园绿地,生态用地,生态,0.3,8.0,mg/kg,高景观绿化区 0.3-8mg/kg,绿化种植土壤CJ/T340-2016,ecological
381,29,肥力指标,有效锌,公园绿地,生态用地,生态,1.0,10.0,mg/kg,高景观绿化区 1-10mg/kg,绿化种植土壤CJ/T340-2016,ecological
382,30,肥力指标,有效锰,公园绿地,生态用地,生态,0.6,25.0,mg/kg,高景观绿化区 0.6-25mg/kg,绿化种植土壤CJ/T340-2016,ecological
383,31,肥力指标,有效镁,公园绿地,生态用地,生态,50.0,280.0,mg/kg,高景观绿化区 50-280mg/kg,绿化种植土壤CJ/T340-2016,ecological
384,109,肥力指标,有机质,水田用地,生产用地,生产,3.0,,%,东北山丘平原区 ≥3%,土壤复垦质量控制标准TD/T1036-2013,production
385,110,肥力指标,有机质,,生产用地,,2.0,,%,中部山地丘陵区 ≥2%,土壤复垦质量控制标准TD/T1036-2013,production
386,111,肥力指标,有机质,,生产用地,,1.5,,%,黄淮海平原区 ≥1.5%,土壤复垦质量控制标准TD/T1036-2013,production
387,112,肥力指标,有机质,,生产用地,,1.2,,%,西南山地丘陵区 ≥1.2%,土壤复垦质量控制标准TD/T1036-2013,production
388,113,肥力指标,有机质,,生产用地,,1.5,,%,长江中下游平原区 ≥1.5%,土壤复垦质量控制标准TD/T1036-2013,production
389,114,肥力指标,有机质,,生产用地,,1.5,,%,东南沿海山地丘陵区 ≥1.5%,土壤复垦质量控制标准TD/T1036-2013,production
390,115,肥力指标,有机质,其他用地,生产用地,生产,1.0,,%,北方草原区 ≥1%,土壤复垦质量控制标准TD/T1036-2013,production
391,116,肥力指标,有机质,,生产用地,,1.0,,%,东北山丘平原区 ≥1%,土壤复垦质量控制标准TD/T1036-2013,production
392,117,肥力指标,有机质,,生产用地,,0.5,,%,西北干旱区 ≥0.5%,土壤复垦质量控制标准TD/T1036-2013,production
393,118,肥力指标,有机质,,生产用地,,0.3,,%,青藏高原区 ≥0.3%,土壤复垦质量控制标准TD/T1036-2013,production
394,119,肥力指标,有机质,,生产用地,,0.3,,%,黄土高原区 ≥0.3%,土壤复垦质量控制标准TD/T1036-2013,production
395,120,肥力指标,有机质,,生产用地,,1.0,,%,中部山地丘陵区 ≥1%,土壤复垦质量控制标准TD/T1036-2013,production
396,121,肥力指标,有机质,,生产用地,,1.0,,%,黄淮海平原区 ≥1%,土壤复垦质量控制标准TD/T1036-2013,production
397,122,肥力指标,有机质,,生产用地,,1.0,,%,西南山地丘陵区 ≥1%,土壤复垦质量控制标准TD/T1036-2013,production
398,123,肥力指标,有机质,,生产用地,,1.0,,%,长江中下游平原区 ≥1%,土壤复垦质量控制标准TD/T1036-2013,production
399,124,肥力指标,有机质,,生产用地,,1.0,,%,东南沿海山地丘陵区 ≥1%,土壤复垦质量控制标准TD/T1036-2013,production
400,20,肥力指标,有机质,一般绿地,生态用地,生态,12.0,80.0,g/kg,普通绿化区 12-80g/kg,绿化种植土壤CJ/T340-2016,ecological
401,21,肥力指标,有机质,公园绿地,生态用地,生态,20.0,80.0,g/kg,高景观绿化区 20-80g/kg,绿化种植土壤CJ/T340-2016,ecological
402,22,肥力指标,水解性氮,一般绿地,生态用地,生态,40.0,200.0,mg/kg,普通绿化区 40-200mg/kg,绿化种植土壤CJ/T340-2016,ecological
403,32,肥力指标,速效钾,一般绿地,生态用地,生态,60.0,300.0,mg/kg,普通绿化区 60-300mg/kg,绿化种植土壤CJ/T340-2016,ecological
